priceDiffPerc,targetPriceDiffPerc,,,Date,inputPrice
0,-0.509626274,,,192712,17.66
-0.509626274,-1.764371087,,,192801,17.57
-1.764371087,11.70336037,,,192802,17.26
11.70336037,2.437759336,,,192803,19.28
2.437759336,1.265822785,,,192804,19.75
1.265822785,-4.3,,,192805,20
-4.3,1.515151515,,,192806,19.14
1.515151515,7.411219763,,,192807,19.43
7.411219763,1.293723047,,,192808,20.87
1.293723047,2.554399243,,,192809,21.14
2.554399243,11.99261993,,,192810,21.68
11.99261993,0.28830313,,,192811,24.28
0.28830313,5.708418891,,,192812,24.35
5.708418891,-0.582750583,,,192901,25.74
-0.582750583,-0.234466589,,,192902,25.59
-0.234466589,1.60595378,,,192903,25.53
1.60595378,-4.279105628,,,192904,25.94
-4.279105628,10.39065646,,,192905,24.83
10.39065646,5.363006202,,,192906,27.41
5.363006202,9.799168975,,,192907,28.88
9.799168975,-4.888047934,,,192908,31.71
-4.888047934,-19.9270557,,,192909,30.16
-19.9270557,-13.3747412,,,192910,24.15
-13.3747412,2.533460803,,,192911,20.92
2.533460803,6.247086247,,,192912,21.45
6.247086247,2.150065818,,,193001,22.79
2.150065818,3.737113402,,,193002,23.28
3.737113402,3.105590062,,,193003,24.15
3.105590062,-1.646586345,,,193004,24.9
-1.646586345,-16.4556962,,,193005,24.49
-16.4556962,3.66568915,,,193006,20.46
3.66568915,0.75436115,,,193007,21.21
0.75436115,-13.00889097,,,193008,21.37
-13.00889097,-8.875739645,,,193009,18.59
-8.875739645,-2.184179457,,,193010,16.94
-2.184179457,-7.423053712,,,193011,16.57
-7.423053712,4.889178618,,,193012,15.34
4.889178618,11.43567433,,,193101,16.09
11.43567433,-6.915783603,,,193102,17.93
-6.915783603,-9.58657879,,,193103,16.69
-9.58657879,-13.71769384,,,193104,15.09
-13.71769384,13.90168971,,,193105,13.02
13.90168971,-7.417397168,,,193106,14.83
-7.417397168,0.946831755,,,193107,13.73
0.946831755,-29.94227994,,,193108,13.86
-29.94227994,8.444902163,,,193109,9.71
8.444902163,-9.781576448,,,193110,10.53
-9.781576448,-14.52631579,,,193111,9.5
-14.52631579,-2.832512315,,,193112,8.12
-2.832512315,5.069708492,,,193201,7.89
5.069708492,-11.82147165,,,193202,8.29
-11.82147165,-20.24623803,,,193203,7.31
-20.24623803,-23.32761578,,,193204,5.83
-23.32761578,-0.894854586,,,193205,4.47
-0.894854586,37.69751693,,,193206,4.43
37.69751693,37.54098361,,,193207,6.1
37.54098361,-3.694874851,,,193208,8.39
-3.694874851,-13.86138614,,,193209,8.08
-13.86138614,-5.890804598,,,193210,6.96
-5.890804598,5.190839695,,,193211,6.55
5.190839695,0.725689405,,,193212,6.89
0.725689405,-18.44380403,,,193301,6.94
-18.44380403,3.356890459,,,193302,5.66
3.356890459,42.22222222,,,193303,5.85
42.22222222,15.86538462,,,193304,8.32
15.86538462,13.17427386,,,193305,9.64
13.17427386,-8.799266728,,,193306,10.91
-8.799266728,11.45728643,,,193307,9.95
11.45728643,-11.36158702,,,193308,11.09
-11.36158702,-8.850457782,,,193309,9.83
-8.850457782,10.26785714,,,193310,8.96
10.26785714,2.226720648,,,193311,9.88
2.226720648,10.59405941,,,193312,10.1
10.59405941,-3.670546106,,,193401,11.17
-3.670546106,-0.092936803,,,193402,10.76
-0.092936803,-2.697674419,,,193403,10.75
-2.697674419,-8.126195029,,,193404,10.46
-8.126195029,2.081165453,,,193405,9.61
2.081165453,-11.51885831,,,193406,9.81
-11.51885831,5.414746544,,,193407,8.68
5.414746544,-0.546448087,,,193408,9.15
-0.546448087,-3.186813187,,,193409,9.1
-3.186813187,8.286038593,,,193410,8.81
8.286038593,-0.419287212,,,193411,9.54
-0.419287212,-4.210526316,,,193412,9.5
-4.210526316,-3.956043956,,,193501,9.1
-3.956043956,-3.089244851,,,193502,8.74
-3.089244851,9.563164109,,,193503,8.47
9.563164109,3.232758621,,,193504,9.28
3.232758621,6.784968685,,,193505,9.58
6.784968685,8.308895406,,,193506,10.23
8.308895406,2.166064982,,,193507,11.08
2.166064982,2.385159011,,,193508,11.32
2.385159011,7.506471096,,,193509,11.59
7.506471096,3.93258427,,,193510,12.46
3.93258427,3.706563707,,,193511,12.95
3.706563707,6.552494415,,,193512,13.43
6.552494415,1.677148847,,,193601,14.31
1.677148847,2.542955326,,,193602,14.55
2.542955326,-7.707774799,,,193603,14.92
-7.707774799,4.575163399,,,193604,13.77
4.575163399,3.055555556,,,193605,14.4
3.055555556,6.805929919,,,193606,14.84
6.805929919,0.883280757,,,193607,15.85
0.883280757,0.125078174,,,193608,15.99
0.125078174,7.495315428,,,193609,16.01
7.495315428,0.406740267,,,193610,17.21
0.406740267,-0.578703704,,,193611,17.28
-0.578703704,3.78346915,,,193612,17.18
3.78346915,1.458216489,,,193701,17.83
1.458216489,-0.939745716,,,193702,18.09
-0.939745716,-8.314732143,,,193703,17.92
-8.314732143,-1.034692635,,,193704,16.43
-1.034692635,-5.289052891,,,193705,16.26
-5.289052891,10.25974026,,,193706,15.4
10.25974026,-5.535924617,,,193707,16.98
-5.535924617,-14.21446384,,,193708,16.04
-14.21446384,-10.1744186,,,193709,13.76
-10.1744186,-10.11326861,,,193710,12.36
-10.11326861,-5.04050405,,,193711,11.11
-5.04050405,1.327014218,,,193712,10.55
1.327014218,6.080449018,,,193801,10.69
6.080449018,-25.04409171,,,193802,11.34
-25.04409171,14.11764706,,,193803,8.5
14.11764706,-4.432989691,,,193804,9.7
-4.432989691,24.70334412,,,193805,9.27
24.70334412,7.266435986,,,193806,11.56
7.266435986,-2.741935484,,,193807,12.4
-2.741935484,1.492537313,,,193808,12.06
1.492537313,7.598039216,,,193809,12.24
7.598039216,-3.340926348,,,193810,13.17
-3.340926348,3.770620581,,,193811,12.73
3.770620581,-6.888720666,,,193812,13.21
-6.888720666,3.25203252,,,193901,12.3
3.25203252,-13.54330709,,,193902,12.7
-13.54330709,-0.546448087,,,193903,10.98
-0.546448087,6.227106227,,,193904,10.92
6.227106227,-6.379310345,,,193905,11.6
-6.379310345,10.86556169,,,193906,10.86
10.86556169,-7.142857143,,,193907,12.04
-7.142857143,16.45796064,,,193908,11.18
16.45796064,-1.459293395,,,193909,13.02
-1.459293395,-4.910366329,,,193910,12.83
-4.910366329,2.37704918,,,193911,12.2
2.37704918,-3.522818255,,,193912,12.49
-3.522818255,0.663900415,,,194001,12.05
0.663900415,0.98928277,,,194002,12.13
0.98928277,-0.489795918,,,194003,12.25
-0.489795918,-23.95406071,,,194004,12.19
-23.95406071,7.659115426,,,194005,9.27
7.659115426,3.106212425,,,194006,9.98
3.106212425,2.623906706,,,194007,10.29
2.623906706,0.946969697,,,194008,10.56
0.946969697,3.939962477,,,194009,10.66
3.939962477,-4.241877256,,,194010,11.08
-4.241877256,-0.282752121,,,194011,10.61
-0.282752121,-4.820415879,,,194012,10.58
-4.820415879,-1.489572989,,,194101,10.07
-1.489572989,0.403225806,,,194102,9.92
0.403225806,-6.526104418,,,194103,9.96
-6.526104418,0.429645542,,,194104,9.31
0.429645542,5.347593583,,,194105,9.35
5.347593583,5.482233503,,,194106,9.85
5.482233503,-0.866217517,,,194107,10.39
-0.866217517,-0.970873786,,,194108,10.3
-0.970873786,-6.862745098,,,194109,10.2
-6.862745098,-4.210526316,,,194110,9.5
-4.210526316,-4.505494505,,,194111,9.1
-4.505494505,1.380897583,,,194112,8.69
1.380897583,-2.497162316,,,194201,8.81
-2.497162316,-6.752037253,,,194202,8.59
-6.752037253,-4.369538077,,,194203,8.01
-4.369538077,6.396866841,,,194204,7.66
6.396866841,1.840490798,,,194205,8.15
1.840490798,3.13253012,,,194206,8.3
3.13253012,0.700934579,,,194207,8.56
0.700934579,2.668213457,,,194208,8.62
2.668213457,6.440677966,,,194209,8.85
6.440677966,-1.380042463,,,194210,9.42
-1.380042463,5.166846071,,,194211,9.29
5.166846071,7.164790174,,,194212,9.77
7.164790174,5.062082139,,,194301,10.47
5.062082139,5.272727273,,,194302,11
5.272727273,0.086355786,,,194303,11.58
0.086355786,4.486626402,,,194304,11.59
4.486626402,1.981833196,,,194305,12.11
1.981833196,-5.425101215,,,194306,12.35
-5.425101215,1.02739726,,,194307,11.68
1.02739726,2.372881356,,,194308,11.8
2.372881356,-1.324503311,,,194309,12.08
-1.324503311,-7.55033557,,,194310,11.92
-7.55033557,5.898366606,,,194311,11.02
5.898366606,1.542416452,,,194312,11.67
1.542416452,-0.253164557,,,194401,11.85
-0.253164557,1.692047377,,,194402,11.82
1.692047377,-1.247920133,,,194403,12.02
-1.247920133,4.043807919,,,194404,11.87
4.043807919,5.101214575,,,194405,12.35
5.101214575,-2.080123267,,,194406,12.98
-2.080123267,0.865460268,,,194407,12.71
0.865460268,-0.31201248,,,194408,12.82
-0.31201248,0,,,194409,12.78
0,0.391236307,,,194410,12.78
0.391236307,3.507404521,,,194411,12.83
3.507404521,1.430722892,,,194412,13.28
1.430722892,6.161841128,,,194501,13.47
6.161841128,-4.615384615,,,194502,14.3
-4.615384615,8.797653959,,,194503,13.64
8.797653959,1.145552561,,,194504,14.84
1.145552561,-0.333111259,,,194505,15.01
-0.333111259,-2.005347594,,,194506,14.96
-2.005347594,5.798090041,,,194507,14.66
5.798090041,4.190844616,,,194508,15.51
4.190844616,3.032178218,,,194509,16.16
3.032178218,3.243243243,,,194510,16.65
3.243243243,0.988947062,,,194511,17.19
0.988947062,6.970046083,,,194512,17.36
6.970046083,-6.946688207,,,194601,18.57
-6.946688207,4.62962963,,,194602,17.28
4.62962963,3.761061947,,,194603,18.08
3.761061947,2.23880597,,,194604,18.76
2.23880597,-3.910323253,,,194605,19.18
-3.910323253,-2.550189908,,,194606,18.43
-2.550189908,-7.293986637,,,194607,17.96
-7.293986637,-10.15015015,,,194608,16.65
-10.15015015,-0.802139037,,,194609,14.96
-0.802139037,-1.145552561,,,194610,14.84
-1.145552561,4.294478528,,,194611,14.67
4.294478528,2.352941176,,,194612,15.3
2.352941176,-1.468710089,,,194701,15.66
-1.468710089,-1.685029164,,,194702,15.43
-1.685029164,-3.889255109,,,194703,15.17
-3.889255109,-0.891632373,,,194704,14.58
-0.891632373,5.259515571,,,194705,14.45
5.259515571,3.616042078,,,194706,15.21
3.616042078,-2.791878173,,,194707,15.76
-2.791878173,-1.37075718,,,194708,15.32
-1.37075718,2.11780278,,,194709,15.11
2.11780278,-2.851587816,,,194710,15.43
-2.851587816,2.068045364,,,194711,14.99
2.068045364,-3.986928105,,,194712,15.3
-3.986928105,-4.697072839,,,194801,14.69
-4.697072839,7.714285714,,,194802,14
7.714285714,2.652519894,,,194803,15.08
2.652519894,7.816537468,,,194804,15.48
7.816537468,0.299580587,,,194805,16.69
0.299580587,-5.31660693,,,194806,16.74
-5.31660693,0.757097792,,,194807,15.85
0.757097792,-3.005635567,,,194808,15.97
-3.005635567,6.778566817,,,194809,15.49
6.778566817,-10.82224909,,,194810,16.54
-10.82224909,3.050847458,,,194811,14.75
3.050847458,0.131578947,,,194812,15.2
0.131578947,-3.94218134,,,194901,15.22
-3.94218134,3.009575923,,,194902,14.62
3.009575923,-2.124833997,,,194903,15.06
-2.124833997,-3.731343284,,,194904,14.74
-3.731343284,-0.21141649,,,194905,14.19
-0.21141649,6.214689266,,,194906,14.16
6.214689266,1.196808511,,,194907,15.04
1.196808511,2.365308804,,,194908,15.22
2.365308804,2.952503209,,,194909,15.58
2.952503209,0.124688279,,,194910,16.04
0.124688279,4.358655044,,,194911,16.06
4.358655044,1.730310263,,,194912,16.76
1.730310263,0.997067449,,,195001,17.05
0.997067449,0.406504065,,,195002,17.22
0.406504065,4.511278195,,,195003,17.29
4.511278195,3.929164361,,,195004,18.07
3.929164361,-5.804046858,,,195005,18.78
-5.804046858,0.847936687,,,195006,17.69
0.847936687,3.251121076,,,195007,17.84
3.251121076,5.5917481,,,195008,18.42
5.5917481,0.411311054,,,195009,19.45
0.411311054,-0.102406554,,,195010,19.53
-0.102406554,4.613018965,,,195011,19.51
4.613018965,6.1244488,,,195012,20.41
6.1244488,0.646352724,,,195101,21.66
0.646352724,-1.834862385,,,195102,21.8
-1.834862385,4.813084112,,,195103,21.4
4.813084112,-4.057066429,,,195104,22.43
-4.057066429,-2.602230483,,,195105,21.52
-2.602230483,6.870229008,,,195106,20.96
6.870229008,3.928571429,,,195107,22.4
3.928571429,-0.085910653,,,195108,23.28
-0.085910653,-1.375752365,,,195109,23.26
-1.375752365,-0.261551874,,,195110,22.94
-0.261551874,3.88986014,,,195111,22.88
3.88986014,1.556583929,,,195112,23.77
1.556583929,-3.645401823,,,195201,24.14
-3.645401823,4.772141015,,,195202,23.26
4.772141015,-4.308576118,,,195203,24.37
-4.308576118,2.315608919,,,195204,23.32
2.315608919,4.61022632,,,195205,23.86
4.61022632,1.762820513,,,195206,24.96
1.762820513,-1.456692913,,,195207,25.4
-1.456692913,-1.957650819,,,195208,25.03
-1.957650819,-0.081499593,,,195209,24.54
-0.081499593,4.649265905,,,195210,24.52
4.649265905,3.546375682,,,195211,25.66
3.546375682,-0.715092209,,,195212,26.57
-0.715092209,-1.819560273,,,195301,26.38
-1.819560273,-2.355212355,,,195302,25.9
-2.355212355,-2.649268486,,,195303,25.29
-2.649268486,-0.324939074,,,195304,24.62
-0.324939074,-1.62999185,,,195305,24.54
-1.62999185,2.526926263,,,195306,24.14
2.526926263,-5.777777778,,,195307,24.75
-5.777777778,0.12864494,,,195308,23.32
0.12864494,5.096359743,,,195309,23.35
5.096359743,0.896495518,,,195310,24.54
0.896495518,0.201938611,,,195311,24.76
0.201938611,5.118903668,,,195312,24.81
5.118903668,0.268404908,,,195401,26.08
0.268404908,3.021032505,,,195402,26.15
3.021032505,4.899777283,,,195403,26.94
4.899777283,3.290870488,,,195404,28.26
3.290870488,0.068516615,,,195405,29.19
0.068516615,5.71722013,,,195406,29.21
5.71722013,-3.400259067,,,195407,30.88
-3.400259067,8.313778076,,,195408,29.83
8.313778076,-1.949860724,,,195409,32.31
-1.949860724,8.080808081,,,195410,31.68
8.080808081,5.081775701,,,195411,34.24
5.081775701,1.8065592,,,195412,35.98
1.8065592,0.354900355,,,195501,36.63
0.354900355,-0.489662677,,,195502,36.76
-0.489662677,3.772553308,,,195503,36.58
3.772553308,-0.131717597,,,195504,37.96
-0.131717597,8.230018465,,,195505,37.91
8.230018465,6.068730197,,,195506,41.03
6.068730197,-0.78125,,,195507,43.52
-0.78125,1.134784623,,,195508,43.18
1.134784623,-3.045569041,,,195509,43.67
-3.045569041,7.48700992,,,195510,42.34
7.48700992,-0.065919578,,,195511,45.51
-0.065919578,-3.649956025,,,195512,45.48
-3.649956025,3.468735737,,,195601,43.82
3.468735737,6.925452139,,,195602,45.34
6.925452139,-0.206270627,,,195603,48.48
-0.206270627,-6.572964035,,,195604,48.38
-6.572964035,3.915929204,,,195605,45.2
3.915929204,5.152224824,,,195606,46.97
5.152224824,-3.80643855,,,195607,49.39
-3.80643855,-4.546411282,,,195608,47.51
-4.546411282,0.507166483,,,195609,45.35
0.507166483,-1.096972356,,,195610,45.58
-1.096972356,3.527062999,,,195611,45.08
3.527062999,-4.178272981,,,195612,46.67
-4.178272981,-3.264758497,,,195701,44.72
-3.264758497,1.964863615,,,195702,43.26
1.964863615,3.695307187,,,195703,44.11
3.695307187,3.694796677,,,195704,45.74
3.694796677,-0.126502214,,,195705,47.43
-0.126502214,1.139962001,,,195706,47.37
1.139962001,-5.614694218,,,195707,47.91
-5.614694218,-6.191950464,,,195708,45.22
-6.191950464,-3.206034889,,,195709,42.42
-3.206034889,1.607403799,,,195710,41.06
1.607403799,-4.146692234,,,195711,41.72
-4.146692234,4.276069017,,,195712,39.99
4.276069017,-2.06235012,,,195801,41.7
-2.06235012,3.085210578,,,195802,40.84
3.085210578,3.182897862,,,195803,42.1
3.182897862,1.496316759,,,195804,43.44
1.496316759,2.608301202,,,195805,44.09
2.608301202,4.310344828,,,195806,45.24
4.310344828,1.186692096,,,195807,47.19
1.186692096,4.837696335,,,195808,47.75
4.837696335,2.536955653,,,195809,50.06
2.536955653,2.240405221,,,195810,51.33
2.240405221,5.201981707,,,195811,52.48
5.201981707,0.434703858,,,195812,55.21
0.434703858,-0.07213706,,,195901,55.45
-0.07213706,0.054141852,,,195902,55.41
0.054141852,3.878066378,,,195903,55.44
3.878066378,1.892689703,,,195904,57.59
1.892689703,-0.357873211,,,195905,58.68
-0.357873211,3.488968702,,,195906,58.47
3.488968702,-1.503883656,,,195907,60.51
-1.503883656,-4.563758389,,,195908,59.6
-4.563758389,1.125175809,,,195909,56.88
1.125175809,1.321279555,,,195910,57.52
1.321279555,2.762525738,,,195911,58.28
2.762525738,-7.146435131,,,195912,59.89
-7.146435131,0.917101241,,,196001,55.61
0.917101241,-1.389878831,,,196002,56.12
-1.389878831,-1.752800867,,,196003,55.34
-1.752800867,2.685304396,,,196004,54.37
2.685304396,1.952355364,,,196005,55.83
1.952355364,-2.477160928,,,196006,56.92
-2.477160928,2.612141956,,,196007,55.51
2.612141956,-6.039325843,,,196008,56.96
-6.039325843,-0.242899851,,,196009,53.52
-0.242899851,4.026971343,,,196010,53.39
4.026971343,4.627295643,,,196011,55.54
4.627295643,6.315608329,,,196012,58.11
6.315608329,2.686953707,,,196101,61.78
2.686953707,2.553593947,,,196102,63.44
2.553593947,0.384260682,,,196103,65.06
0.384260682,1.913948859,,,196104,65.31
1.913948859,-2.884615385,,,196105,66.56
-2.884615385,3.27970297,,,196106,64.64
3.27970297,1.962252846,,,196107,66.76
1.962252846,-1.968561775,,,196108,68.07
-1.968561775,2.832309306,,,196109,66.73
2.832309306,3.934712912,,,196110,68.62
3.934712912,0.322490185,,,196111,71.32
0.322490185,-3.787561146,,,196112,71.55
-3.787561146,1.626961069,,,196201,68.84
1.626961069,-0.586049171,,,196202,69.96
-0.586049171,-6.19698059,,,196203,69.55
-6.19698059,-8.599019007,,,196204,65.24
-8.599019007,-8.183800101,,,196205,59.63
-8.183800101,6.356164384,,,196206,54.75
6.356164384,1.528421776,,,196207,58.23
1.528421776,-4.820703654,,,196208,59.12
-4.820703654,0.444286476,,,196209,56.27
0.444286476,10.1556971,,,196210,56.52
10.1556971,1.349180854,,,196211,62.26
1.349180854,4.912836767,,,196212,63.1
4.912836767,-2.885196375,,,196301,66.2
-2.885196375,3.546430238,,,196302,64.29
3.546430238,4.852035451,,,196303,66.57
4.852035451,1.432664756,,,196304,69.8
1.432664756,-2.019774011,,,196305,70.8
-2.019774011,-0.345970881,,,196306,69.37
-0.345970881,4.874873427,,,196307,69.13
4.874873427,-1.103448276,,,196308,72.5
-1.103448276,3.221757322,,,196309,71.7
3.221757322,-1.053911634,,,196310,74.01
-1.053911634,2.444353407,,,196311,73.23
2.444353407,2.692615303,,,196312,75.02
2.692615303,0.986500519,,,196401,77.04
0.986500519,1.516709512,,,196402,77.8
1.516709512,0.607748797,,,196403,78.98
0.607748797,1.145230305,,,196404,79.46
1.145230305,1.642403882,,,196405,80.37
1.642403882,1.823968662,,,196406,81.69
1.823968662,-1.622986295,,,196407,83.18
-1.622986295,2.871807406,,,196408,81.83
2.871807406,0.807792825,,,196409,84.18
0.807792825,-0.518501061,,,196410,84.86
-0.518501061,0.39090263,,,196411,84.42
0.39090263,3.315634218,,,196412,84.75
3.315634218,-0.148469621,,,196501,87.56
-0.148469621,-1.452590644,,,196502,87.43
-1.452590644,3.423862581,,,196503,86.16
3.423862581,-0.774323869,,,196504,89.11
-0.774323869,-4.863153133,,,196505,88.42
-4.863153133,1.343319068,,,196506,84.12
1.343319068,2.252199413,,,196507,85.25
2.252199413,3.200642423,,,196508,87.17
3.200642423,2.734548688,,,196509,89.96
2.734548688,-0.876433672,,,196510,92.42
-0.876433672,0.895098788,,,196511,91.61
0.895098788,0.486854917,,,196512,92.43
0.486854917,-1.787252369,,,196601,92.88
-1.787252369,-2.181539136,,,196602,91.22
-2.181539136,2.050879749,,,196603,89.23
2.050879749,-5.414012739,,,196604,91.06
-5.414012739,-1.613839545,,,196605,86.13
-1.613839545,-1.34529148,,,196606,84.74
-1.34529148,-7.775119617,,,196607,83.6
-7.775119617,-0.700389105,,,196608,77.1
-0.700389105,4.754440961,,,196609,76.56
4.754440961,0.311720698,,,196610,80.2
0.311720698,-0.14916097,,,196611,80.45
-0.14916097,7.817751774,,,196612,80.33
7.817751774,0.196282185,,,196701,86.61
0.196282185,3.94100023,,,196702,86.78
3.94100023,4.223946785,,,196703,90.2
4.223946785,-5.244122966,,,196704,94.01
-5.244122966,1.751234845,,,196705,89.08
1.751234845,4.534421889,,,196706,90.64
4.534421889,-1.171503958,,,196707,94.75
-1.171503958,3.278513456,,,196708,93.64
3.278513456,-3.526005584,,,196709,96.71
-3.526005584,0.750267953,,,196710,93.3
0.750267953,2.627659574,,,196711,94
2.627659574,-4.384782834,,,196712,96.47
-4.384782834,-3.122289679,,,196801,92.24
-3.122289679,0.940017905,,,196802,89.36
0.940017905,8.048780488,,,196803,90.2
8.048780488,1.251795608,,,196804,97.46
1.251795608,0.912038914,,,196805,98.68
0.912038914,-1.847760594,,,196806,99.58
-1.847760594,1.145897278,,,196807,97.74
1.145897278,3.853934857,,,196808,98.86
3.853934857,0.72075582,,,196809,102.67
0.72075582,4.79644135,,,196810,103.41
4.79644135,-4.161668358,,,196811,108.37
-4.161668358,-0.818409397,,,196812,103.86
-0.818409397,-4.737404136,,,196901,103.01
-4.737404136,3.444410476,,,196902,98.13
3.444410476,2.147571668,,,196903,101.51
2.147571668,-0.221815026,,,196904,103.69
-0.221815026,-5.55770346,,,196905,103.46
-5.55770346,-6.017807799,,,196906,97.71
-6.017807799,4.007404987,,,196907,91.83
4.007404987,-2.502355774,,,196908,95.51
-2.502355774,4.295532646,,,196909,93.12
4.295532646,-3.40815486,,,196910,97.12
-3.40815486,-1.865472764,,,196911,93.81
-1.865472764,-7.647186617,,,196912,92.06
-7.647186617,5.269348389,,,197001,85.02
5.269348389,0.145251397,,,197002,89.5
0.145251397,-9.048309718,,,197003,89.63
-9.048309718,-6.096663395,,,197004,81.52
-6.096663395,-5.003265839,,,197005,76.55
-5.003265839,7.329482948,,,197006,72.72
7.329482948,4.445868033,,,197007,78.05
4.445868033,3.410206084,,,197008,81.52
3.410206084,-1.245551601,,,197009,84.3
-1.245551601,4.744744745,,,197010,83.25
4.744744745,5.676605505,,,197011,87.2
5.676605505,4.047748237,,,197012,92.15
4.047748237,0.90738423,,,197101,95.88
0.90738423,3.679586563,,,197102,96.75
3.679586563,3.628750872,,,197103,100.31
3.628750872,-4.155844156,,,197104,103.95
-4.155844156,-0.933453779,,,197105,99.63
-0.933453779,-3.161094225,,,197106,98.7
-3.161094225,3.609541745,,,197107,95.58
3.609541745,-0.696758558,,,197108,99.03
-0.696758558,-4.179377669,,,197109,98.34
-4.179377669,-0.254695957,,,197110,94.23
-0.254695957,8.617938079,,,197111,93.99
8.617938079,1.812126555,,,197112,102.09
1.812126555,2.530305946,,,197201,103.94
2.530305946,0.591160739,,,197202,106.57
0.591160739,0.438432836,,,197203,107.2
0.438432836,1.727500697,,,197204,107.67
1.727500697,-2.18205058,,,197205,109.53
-2.18205058,0.233339556,,,197206,107.14
0.233339556,3.445385976,,,197207,107.39
3.445385976,-0.486092358,,,197208,111.09
-0.486092358,0.931705111,,,197209,110.55
0.931705111,4.561749417,,,197210,111.58
4.561749417,1.182823348,,,197211,116.67
1.182823348,-1.711139348,,,197212,118.05
-1.711139348,-3.749030423,,,197301,116.03
-3.749030423,-0.143266476,,,197302,111.68
-0.143266476,-4.079985653,,,197303,111.52
-4.079985653,-1.88837992,,,197304,106.97
-1.88837992,-0.657455931,,,197305,104.95
-0.657455931,3.798196816,,,197306,104.26
3.798196816,-3.668453151,,,197307,108.22
-3.668453151,4.009592326,,,197308,104.25
4.009592326,-0.129115558,,,197309,108.43
-0.129115558,-11.3860929,,,197310,108.29
-11.3860929,1.656940392,,,197311,95.96
1.656940392,-1.004613019,,,197312,97.55
-1.004613019,-0.362431397,,,197401,96.57
-0.362431397,-2.327998337,,,197402,96.22
-2.327998337,-3.905086189,,,197403,93.98
-3.905086189,-3.355110176,,,197404,90.31
-3.355110176,-1.466544455,,,197405,87.28
-1.466544455,-7.779069767,,,197406,86
-7.779069767,-9.027865339,,,197407,79.31
-9.027865339,-11.93347193,,,197408,72.15
-11.93347193,16.30468996,,,197409,63.54
16.30468996,-5.317997294,,,197410,73.9
-5.317997294,-2.01514935,,,197411,69.97
-2.01514935,12.28121354,,,197412,68.56
12.28121354,5.988568459,,,197501,76.98
5.988568459,2.169383503,,,197502,81.59
2.169383503,4.726487524,,,197503,83.36
4.726487524,4.410080183,,,197504,87.3
4.410080183,4.432254526,,,197505,91.15
4.432254526,-6.765416535,,,197506,95.19
-6.765416535,-2.107042254,,,197507,88.75
-2.107042254,-3.464548803,,,197508,86.88
-3.464548803,6.164301896,,,197509,83.87
6.164301896,2.470799641,,,197510,89.04
2.470799641,-1.150811048,,,197511,91.24
-1.150811048,11.83057989,,,197512,90.19
11.83057989,-1.140194329,,,197601,100.86
-1.140194329,3.068899809,,,197602,99.71
3.068899809,-1.099542668,,,197603,102.77
-1.099542668,-1.436442346,,,197604,101.64
-1.436442346,4.09263326,,,197605,100.18
4.09263326,-0.80552359,,,197606,104.28
-0.80552359,-0.512374323,,,197607,103.44
-0.512374323,2.264114275,,,197608,102.91
2.264114275,-2.223489168,,,197609,105.24
-2.223489168,-0.777453839,,,197610,102.9
-0.777453839,5.249755142,,,197611,102.1
5.249755142,-5.053042993,,,197612,107.46
-5.053042993,-2.166029599,,,197701,102.03
-2.166029599,-1.402524544,,,197702,99.82
-1.402524544,0.020321073,,,197703,98.42
0.020321073,-2.356765542,,,197704,98.44
-2.356765542,4.535996671,,,197705,96.12
4.535996671,-1.622213376,,,197706,100.48
-1.622213376,-2.10419828,,,197707,98.85
-2.10419828,-0.248010747,,,197708,96.77
-0.248010747,-4.340619497,,,197709,96.53
-4.340619497,2.696556205,,,197710,92.34
2.696556205,0.284720025,,,197711,94.83
0.284720025,-6.151419558,,,197712,95.1
-6.151419558,-2.476190476,,,197801,89.25
-2.476190476,2.493106618,,,197802,87.04
2.493106618,8.541643314,,,197803,89.21
8.541643314,0.423422493,,,197804,96.83
0.423422493,-1.758535582,,,197805,97.24
-1.758535582,5.390976657,,,197806,95.53
5.390976657,2.592371871,,,197807,100.68
2.592371871,-0.72611095,,,197808,103.29
-0.72611095,-9.157401989,,,197809,102.54
-9.157401989,1.663982823,,,197810,93.15
1.663982823,1.488912355,,,197811,94.7
1.488912355,3.974612423,,,197812,96.11
3.974612423,-3.65255679,,,197901,99.93
-3.65255679,5.515164105,,,197902,96.28
5.515164105,0.167339305,,,197903,101.59
0.167339305,-2.633647799,,,197904,101.76
-2.633647799,3.865563181,,,197905,99.08
3.865563181,0.874550578,,,197906,102.91
0.874550578,5.307773818,,,197907,103.81
5.307773818,0,,,197908,109.32
0,-6.860592755,,,197909,109.32
-6.860592755,4.262423885,,,197910,101.82
4.262423885,1.676714393,,,197911,106.16
1.676714393,5.762460626,,,197912,107.94
5.762460626,-0.43798178,,,198001,114.16
-0.43798178,-10.17948267,,,198002,113.66
-10.17948267,4.114017044,,,198003,102.09
4.114017044,4.657070279,,,198004,106.29
4.657070279,2.696871629,,,198005,111.24
2.696871629,6.503851541,,,198006,114.24
6.503851541,0.583545656,,,198007,121.67
0.583545656,2.516751103,,,198008,122.38
2.516751103,1.602104256,,,198009,125.46
1.602104256,10.23770299,,,198010,127.47
10.23770299,-3.387418161,,,198011,140.52
-3.387418161,-4.574248674,,,198012,135.76
-4.574248674,1.327672713,,,198101,129.55
1.327672713,3.603260456,,,198102,131.27
3.603260456,-2.345588235,,,198103,136
-2.345588235,-0.165650177,,,198104,132.81
-0.165650177,-1.040802474,,,198105,132.59
-1.040802474,-0.221019739,,,198106,131.21
-0.221019739,-6.209899175,,,198107,130.92
-6.209899175,-5.383174526,,,198108,122.79
-5.383174526,4.914787399,,,198109,116.18
4.914787399,3.659036836,,,198110,121.89
3.659036836,-3.007518797,,,198111,126.35
-3.007518797,-1.754385965,,,198112,122.55
-1.754385965,-6.054817276,,,198201,120.4
-6.054817276,-1.016709398,,,198202,113.11
-1.016709398,4.001429082,,,198203,111.96
4.001429082,-3.916180007,,,198204,116.44
-3.916180007,-2.0289596,,,198205,111.88
-2.0289596,-2.299060305,,,198206,109.61
-2.299060305,11.59772154,,,198207,107.09
11.59772154,0.761442557,,,198208,119.51
0.761442557,11.04467696,,,198209,120.42
11.04467696,3.597068501,,,198210,133.72
3.597068501,1.523135783,,,198211,138.53
1.523135783,3.313424346,,,198212,140.64
3.313424346,1.899518238,,,198301,145.3
1.899518238,3.309469134,,,198302,148.06
3.309469134,7.498692469,,,198303,152.96
7.498692469,-1.240649517,,,198304,164.43
-1.240649517,3.232957694,,,198305,162.39
3.232957694,-3.03030303,,,198306,167.64
-3.03030303,1.131889764,,,198307,162.56
1.131889764,1.015815085,,,198308,164.4
1.015815085,-1.517432408,,,198309,166.07
-1.517432408,1.742586365,,,198310,163.55
1.742586365,-0.883413462,,,198311,166.4
-0.883413462,-0.921603104,,,198312,164.93
-0.921603104,-3.885931094,,,198401,163.41
-3.885931094,1.349802623,,,198402,157.06
1.349802623,0.546551074,,,198403,159.18
0.546551074,-5.935645111,,,198404,160.05
-5.935645111,1.746927931,,,198405,150.55
1.746927931,-1.645123384,,,198406,153.18
-1.645123384,10.63321386,,,198407,150.66
10.63321386,-0.347972162,,,198408,166.68
-0.347972162,-0.00602047,,,198409,166.1
-0.00602047,-1.511228852,,,198410,166.09
-1.511228852,2.23743734,,,198411,163.58
2.23743734,7.408514709,,,198412,167.24
7.408514709,0.862884819,,,198501,179.63
0.862884819,-0.287007396,,,198502,181.18
-0.287007396,-0.459426547,,,198503,180.66
-0.459426547,5.405104821,,,198504,179.83
5.405104821,1.213400158,,,198505,189.55
1.213400158,-0.484753714,,,198506,191.85
-0.484753714,-1.199455269,,,198507,190.92
-1.199455269,-3.472406298,,,198508,188.63
-3.472406298,4.250878735,,,198509,182.08
4.250878735,6.506163734,,,198510,189.82
6.506163734,4.50610872,,,198511,202.17
4.50610872,0.236652783,,,198512,211.28
0.236652783,7.148928133,,,198601,211.78
7.148928133,5.279393619,,,198602,226.92
5.279393619,-1.414817915,,,198603,238.9
-1.414817915,5.022927989,,,198604,235.52
5.022927989,1.410956135,,,198605,247.35
1.410956135,-5.868282571,,,198606,250.84
-5.868282571,7.119261393,,,198607,236.12
7.119261393,-8.543865892,,,198608,252.93
-8.543865892,5.472937921,,,198609,231.32
5.472937921,2.147717026,,,198610,243.98
2.147717026,-2.828825937,,,198611,249.22
-2.828825937,13.17669406,,,198612,242.17
13.17669406,3.692352598,,,198701,274.08
3.692352598,2.638986629,,,198702,284.2
2.638986629,-1.145011999,,,198703,291.7
-1.145011999,0.603412401,,,198704,288.36
0.603412401,4.791451224,,,198705,290.1
4.791451224,4.822368421,,,198706,304
4.822368421,3.495889035,,,198707,318.66
3.495889035,-2.416616131,,,198708,329.8
-2.416616131,-21.7630426,,,198709,321.83
-21.7630426,-8.534890186,,,198710,251.79
-8.534890186,7.286148502,,,198711,230.3
7.286148502,4.043224866,,,198712,247.08
4.043224866,4.181740382,,,198801,257.07
4.181740382,-3.334329027,,,198802,267.82
-3.334329027,0.942485225,,,198803,258.89
0.942485225,0.317606092,,,198804,261.33
0.317606092,4.325602685,,,198805,262.16
4.325602685,-0.541133455,,,198806,273.5
-0.541133455,-3.860010293,,,198807,272.02
-3.860010293,3.972927501,,,198808,261.52
3.972927501,2.596447354,,,198809,271.91
2.596447354,-1.889092017,,,198810,278.97
-1.889092017,1.468761418,,,198811,273.7
1.468761418,7.111479188,,,198812,277.72
7.111479188,-2.89440952,,,198901,297.47
-2.89440952,2.080592675,,,198902,288.86
2.080592675,5.008987011,,,198903,294.87
5.008987011,3.513757912,,,198904,309.64
3.513757912,-0.792462249,,,198905,320.52
-0.792462249,8.837033776,,,198906,317.98
8.837033776,1.551664355,,,198907,346.08
1.551664355,-0.65443164,,,198908,351.45
-0.65443164,-2.517542603,,,198909,349.15
-2.517542603,1.65413092,,,198910,340.36
1.65413092,2.141680395,,,198911,345.99
2.141680395,-6.88172043,,,198912,353.4
-6.88172043,0.853895709,,,199001,329.08
0.853895709,2.425502426,,,199002,331.89
2.425502426,-2.688709772,,,199003,339.94
-2.688709772,9.198911729,,,199004,330.8
9.198911729,-0.888630512,,,199005,361.23
-0.888630512,-0.522317189,,,199006,358.02
-0.522317189,-9.431419346,,,199007,356.15
-9.431419346,-5.118427579,,,199008,322.56
-5.118427579,-0.669825192,,,199009,306.05
-0.669825192,5.993421053,,,199010,304
5.993421053,2.482775743,,,199011,322.22
2.482775743,4.151777603,,,199012,330.22
4.151777603,6.728113279,,,199101,343.93
6.728113279,2.220284959,,,199102,367.07
2.220284959,0.031981238,,,199103,375.22
0.031981238,3.860499814,,,199104,375.34
3.860499814,-4.789267116,,,199105,389.83
-4.789267116,4.485935984,,,199106,371.16
4.485935984,1.964879709,,,199107,387.81
1.964879709,-1.914371697,,,199108,395.43
-1.914371697,1.183416697,,,199109,387.86
1.183416697,-4.3903682,,,199110,392.45
-4.3903682,11.15878685,,,199111,375.22
11.15878685,-1.992375746,,,199112,417.09
-1.992375746,0.958951025,,,199201,408.78
0.958951025,-2.183183911,,,199202,412.7
-2.183183911,2.789268994,,,199203,403.69
2.789268994,0.096397156,,,199204,414.95
0.096397156,-1.735885398,,,199205,415.35
-1.735885398,3.93737443,,,199206,408.14
3.93737443,-2.399754838,,,199207,424.21
-2.399754838,0.910562037,,,199208,414.03
0.910562037,0.210627094,,,199209,417.8
0.210627094,3.02617751,,,199210,418.68
3.02617751,1.010780109,,,199211,431.35
1.010780109,0.704597094,,,199212,435.71
0.704597094,1.048361366,,,199301,438.78
1.048361366,1.869727999,,,199302,443.38
1.869727999,-2.541678659,,,199303,451.67
-2.541678659,2.271746291,,,199304,440.19
2.271746291,0.075523668,,,199305,450.19
0.075523668,-0.532705924,,,199306,450.53
-0.532705924,3.443197287,,,199307,448.13
3.443197287,-0.998791958,,,199308,463.56
-0.998791958,1.939293574,,,199309,458.93
1.939293574,-1.291067268,,,199310,467.83
-1.291067268,1.009116698,,,199311,461.79
1.009116698,3.250080394,,,199312,466.45
3.250080394,-3.00450572,,,199401,481.61
-3.00450572,-4.574645716,,,199402,467.14
-4.574645716,1.153060996,,,199403,445.77
1.153060996,1.239715243,,,199404,450.91
1.239715243,-2.679079956,,,199405,456.5
-2.679079956,3.148985977,,,199406,444.27
3.148985977,3.759874307,,,199407,458.26
3.759874307,-2.687753686,,,199408,475.49
-2.687753686,2.083378358,,,199409,462.71
2.083378358,-3.950460464,,,199410,472.35
-3.950460464,1.229914699,,,199411,453.69
1.229914699,2.427765802,,,199412,459.27
2.427765802,3.607414651,,,199501,470.42
3.607414651,2.732924352,,,199502,487.39
2.732924352,2.796029638,,,199503,500.71
2.796029638,3.631170951,,,199504,514.71
3.631170951,2.127859018,,,199505,533.4
2.127859018,3.177604406,,,199506,544.75
3.177604406,-0.032025051,,,199507,562.06
-0.032025051,4.009752972,,,199508,561.88
4.009752972,-0.497938091,,,199509,584.41
-0.497938091,4.104901118,,,199510,581.5
4.104901118,1.74438773,,,199511,605.37
1.74438773,3.261734288,,,199512,615.93
3.261734288,0.693374422,,,199601,636.02
0.693374422,0.791655606,,,199602,640.43
0.791655606,1.343144849,,,199603,645.5
1.343144849,2.285338673,,,199604,654.17
2.285338673,0.225669536,,,199605,669.12
0.225669536,-4.574802797,,,199606,670.63
-4.574802797,1.881396984,,,199607,639.95
1.881396984,5.420328533,,,199608,651.99
5.420328533,2.610099952,,,199609,687.33
2.610099952,7.337615381,,,199610,705.27
7.337615381,-2.150537634,,,199611,757.02
-2.150537634,6.131706132,,,199612,740.74
6.131706132,0.592754656,,,199701,786.16
0.592754656,-4.26139956,,,199702,790.82
-4.26139956,5.840553677,,,199703,757.12
5.840553677,5.857688372,,,199704,801.34
5.857688372,4.345263356,,,199705,848.28
4.345263356,7.814583004,,,199706,885.14
7.814583004,-5.746560342,,,199707,954.31
-5.746560342,5.315352374,,,199708,899.47
5.315352374,-3.447766236,,,199709,947.28
-3.447766236,4.458682294,,,199710,914.62
4.458682294,1.573163073,,,199711,955.4
1.573163073,1.015013963,,,199712,970.43
1.015013963,7.04492594,,,199801,980.28
7.04492594,4.994568014,,,199802,1049.34
4.994568014,0.907646925,,,199803,1101.75
0.907646925,-1.882617495,,,199804,1111.75
-1.882617495,3.943822079,,,199805,1090.82
3.943822079,-1.161539547,,,199806,1133.84
-1.161539547,-14.57967109,,,199807,1120.67
-14.57967109,6.239553736,,,199808,957.28
6.239553736,8.029419573,,,199809,1017.01
8.029419573,5.91260342,,,199810,1098.67
5.91260342,5.63753083,,,199811,1163.63
5.63753083,4.10094124,,,199812,1229.23
4.10094124,-3.228251696,,,199901,1279.64
-3.228251696,3.879418249,,,199902,1238.33
3.879418249,3.79439819,,,199903,1286.37
3.79439819,-2.497041597,,,199904,1335.18
-2.497041597,5.443833344,,,199905,1301.84
5.443833344,-3.204609859,,,199906,1372.71
-3.204609859,-0.625413932,,,199907,1328.72
-0.625413932,-2.855173772,,,199908,1320.41
-2.855173772,6.253946722,,,199909,1282.71
6.253946722,1.906187405,,,199910,1362.93
1.906187405,5.784392077,,,199911,1388.91
5.784392077,-5.090352221,,,199912,1469.25
-5.090352221,-2.010814222,,,200001,1394.46
-2.010814222,9.671989579,,,200002,1366.42
9.671989579,-3.079582004,,,200003,1498.58
-3.079582004,-2.191499762,,,200004,1452.43
-2.191499762,2.39335492,,,200005,1420.6
2.39335492,-1.63412622,,,200006,1454.6
-1.63412622,6.069903483,,,200007,1430.83
6.069903483,-5.348294766,,,200008,1517.68
-5.348294766,-0.494949565,,,200009,1436.51
-0.494949565,-8.006856024,,,200010,1429.4
-8.006856024,0.405338606,,,200011,1314.95
0.405338606,3.463659224,,,200012,1320.28
3.463659224,-9.229068601,,,200101,1366.01
-9.229068601,-6.420471958,,,200102,1239.94
-6.420471958,7.681435454,,,200103,1160.33
7.681435454,0.509019897,,,200104,1249.46
0.509019897,-2.503543501,,,200105,1255.82
-2.503543501,-1.07401297,,,200106,1224.38
-1.07401297,-6.410838569,,,200107,1211.23
-6.410838569,-8.172338962,,,200108,1133.58
-8.172338962,1.809902588,,,200109,1040.94
1.809902588,7.517597992,,,200110,1059.78
7.517597992,0.757382948,,,200111,1139.45
0.757382948,-1.557382761,,,200112,1148.08
-1.557382761,-2.076623606,,,200201,1130.2
-2.076623606,3.673886133,,,200202,1106.73
3.673886133,-6.141765224,,,200203,1147.39
-6.141765224,-0.908145452,,,200204,1076.92
-0.908145452,-7.245534794,,,200205,1067.14
-7.245534794,-7.90042634,,,200206,989.82
-7.90042634,0.488141989,,,200207,911.62
0.488141989,-11.00243431,,,200208,916.07
-11.00243431,8.64488274,,,200209,815.28
8.64488274,5.706963512,,,200210,885.76
5.706963512,-6.033258216,,,200211,936.31
-6.033258216,-2.741469846,,,200212,879.82
-2.741469846,-1.700362276,,,200301,855.7
-1.700362276,0.835760566,,,200302,841.15
0.835760566,8.104411799,,,200303,848.18
8.104411799,5.089866073,,,200304,916.92
5.089866073,1.132224286,,,200305,963.59
1.132224286,1.622370446,,,200306,974.5
1.622370446,1.787319122,,,200307,990.31
1.787319122,-1.194432595,,,200308,1008.01
-1.194432595,5.496149482,,,200309,995.97
5.496149482,0.71285131,,,200310,1050.71
0.71285131,5.076545077,,,200311,1058.2
5.076545077,1.727642276,,,200312,1111.92
1.727642276,1.220902991,,,200401,1131.13
1.220902991,-1.635893584,,,200402,1144.94
-1.635893584,-1.679082942,,,200403,1126.21
-1.679082942,1.208344622,,,200404,1107.3
1.208344622,1.798907806,,,200405,1120.68
1.798907806,-3.429052277,,,200406,1140.84
-3.429052277,0.228733253,,,200407,1101.72
0.228733253,0.93639064,,,200408,1104.24
0.93639064,1.401424752,,,200409,1114.58
1.401424752,3.859493895,,,200410,1130.2
3.859493895,3.245812816,,,200411,1173.82
3.245812816,-2.529044821,,,200412,1211.92
-2.529044821,1.890338365,,,200501,1181.27
1.890338365,-1.911764706,,,200502,1203.6
-1.911764706,-2.010858977,,,200503,1180.59
-2.010858977,2.99520249,,,200504,1156.85
2.99520249,-0.01426773,,,200505,1191.5
-0.01426773,3.59682036,,,200506,1191.33
3.59682036,-1.122202596,,,200507,1234.18
-1.122202596,0.694894004,,,200508,1220.33
0.694894004,-1.774074104,,,200509,1228.81
-1.774074104,3.518612108,,,200510,1207.01
3.518612108,-0.09523962,,,200511,1249.48
-0.09523962,2.546683864,,,200512,1248.29
2.546683864,0.045309668,,,200601,1280.08
0.045309668,1.109584121,,,200602,1280.66
1.109584121,1.215566041,,,200603,1294.87
1.215566041,-3.091690129,,,200604,1310.61
-3.091690129,0.008660804,,,200605,1270.09
0.008660804,0.508581326,,,200606,1270.2
0.508581326,2.127426253,,,200607,1276.66
2.127426253,2.456627449,,,200608,1303.82
2.456627449,3.15080286,,,200609,1335.85
3.15080286,1.646660958,,,200610,1377.94
1.646660958,1.261575148,,,200611,1400.63
1.261575148,1.405908482,,,200612,1418.3
1.405908482,-2.184614529,,,200701,1438.24
-2.184614529,0.997995479,,,200702,1406.82
0.997995479,4.329068311,,,200703,1420.86
4.329068311,3.25492286,,,200704,1482.37
3.25492286,-1.781630973,,,200705,1530.62
-1.781630973,-3.198190707,,,200706,1503.35
-3.198190707,1.286359232,,,200707,1455.27
1.286359232,3.579400132,,,200708,1473.99
3.579400132,1.482233503,,,200709,1526.75
1.482233503,-4.404342382,,,200710,1549.38
-4.404342382,-0.862848887,,,200711,1481.14
-0.862848887,-6.11634749,,,200712,1468.36
-6.11634749,-3.476116209,,,200801,1378.55
-3.476116209,-0.595958305,,,200802,1330.63
-0.595958305,4.754668481,,,200803,1322.7
4.754668481,1.067415325,,,200804,1385.59
1.067415325,-8.596238164,,,200805,1400.38
-8.596238164,-0.9859375,,,200806,1280
-0.9859375,1.219050324,,,200807,1267.38
1.219050324,-9.079145327,,,200808,1282.83
-9.079145327,-16.94245344,,,200809,1166.36
-16.94245344,-7.484903226,,,200810,968.75
-7.484903226,0.782156565,,,200811,896.24
0.782156565,-8.565734846,,,200812,903.25
-8.565734846,-10.99312249,,,200901,825.88
-10.99312249,8.540450829,,,200902,735.09
8.540450829,9.392507551,,,200903,797.87
9.392507551,5.308142666,,,200904,872.81
5.308142666,0.019583524,,,200905,919.14
0.019583524,7.414175695,,,200906,919.32
7.414175695,3.356017337,,,200907,987.48
3.356017337,3.572338383,,,200908,1020.62
3.572338383,-1.976198585,,,200909,1057.08
-1.976198585,5.736399695,,,200910,1036.19
5.736399695,1.777059774,,,200911,1095.63
1.777059774,-3.69742624,,,200912,1115.1
-3.69742624,2.851369346,,,201001,1073.87
2.851369346,5.879636755,,,201002,1104.49
5.879636755,1.475932719,,,201003,1169.43
1.475932719,-8.19759162,,,201004,1186.69
-8.19759162,-5.38823767,,,201005,1089.41
-5.38823767,6.877783276,,,201006,1030.71
6.877783276,-4.744916485,,,201007,1101.6
-4.744916485,8.755110404,,,201008,1049.33
8.755110404,3.685594111,,,201009,1141.2
3.685594111,-0.229028278,,,201010,1183.26
-0.229028278,6.5300072,,,201011,1180.55
6.5300072,2.264559015,,,201012,1257.64
2.264559015,3.195658259,,,201101,1286.12
3.195658259,-0.104730188,,,201102,1327.22
-0.104730188,2.849535763,,,201103,1325.83
2.849535763,-1.350092768,,,201104,1363.61
-1.350092768,-1.825750818,,,201105,1345.2
-1.825750818,-2.147443664,,,201106,1320.64
-2.147443664,-5.67910979,,,201107,1292.28
-5.67910979,-7.176201298,,,201108,1218.89
-7.176201298,10.77230383,,,201109,1131.42
10.77230383,-0.505864518,,,201110,1253.3
-0.505864518,0.853275165,,,201111,1246.96
0.853275165,4.358301527,,,201112,1257.6
4.358301527,4.058944994,,,201201,1312.41
4.058944994,3.133237655,,,201202,1365.68
3.133237655,-0.749749728,,,201203,1408.47
-0.749749728,-6.265067136,,,201204,1397.91
-6.265067136,3.955492128,,,201205,1310.33
3.955492128,1.259763904,,,201206,1362.16
1.259763904,1.976336166,,,201207,1379.32
1.976336166,2.423609038,,,201208,1406.58
2.423609038,-1.978940354,,,201209,1440.67
-1.978940354,0.284670292,,,201210,1412.16
0.284670292,0.706831053,,,201211,1416.18
0.706831053,5.042806358,,,201212,1426.19
5.042806358,1.106060303,,,201301,1498.11
1.106060303,3.59877994,,,201302,1514.68
3.59877994,1.808576399,,,201303,1569.19
1.808576399,2.076278348,,,201304,1597.57
2.076278348,-1.499932546,,,201305,1630.74
-1.499932546,4.946211121,,,201306,1606.28
4.946211121,-3.129801332,,,201307,1685.73
-3.129801332,2.974947488,,,201308,1632.97
2.974947488,4.459575986,,,201309,1681.55
4.459575986,2.804946087,,,201310,1756.54
2.804946087,2.35628333,,,201311,1805.81
2.35628333,-3.558289511,,,201312,1848.36
-3.558289511,4.311703757,,,201401,1782.59
4.311703757,0.693215736,,,201402,1859.45
0.693215736,0.620079686,,,201403,1872.34
0.620079686,2.103028212,,,201404,1883.95
2.103028212,1.905831345,,,201405,1923.57
1.905831345,-1.507986308,,,201406,1960.23
-1.507986308,3.765532173,,,201407,1930.67
3.765532173,-1.551385915,,,201408,2003.37
-1.551385915,2.320145618,,,201409,1972.29
2.320145618,2.45335844,,,201410,2018.05
2.45335844,-0.418851206,,,201411,2067.56
-0.418851206,-3.104084705,,,201412,2058.9
-3.104084705,5.489250573,,,201501,1994.99
5.489250573,-1.739605607,,,201502,2104.5
-1.739605607,0.852076271,,,201503,2067.89
0.852076271,1.049143855,,,201504,2085.51
1.049143855,-2.101177286,,,201505,2107.39
-2.101177286,1.974203993,,,201506,2063.11
1.974203993,-6.258080462,,,201507,2103.84
-6.258080462,-2.644281962,,,201508,1972.18
-2.644281962,8.298307839,,,201509,1920.03
8.298307839,0.050496307,,,201510,2079.36
0.050496307,-1.753019837,,,201511,2080.41
-1.753019837,-5.073534448,,,201512,2043.94
-5.073534448,-0.412835526,,,201601,1940.24
-0.412835526,6.599110872,,,201602,1932.23
6.599110872,0.269936982,,,201603,2059.74
0.269936982,1.532949208,,,201604,2065.3
1.532949208,0.090607355,,,201605,2096.96
0.090607355,3.560980723,,,201606,2098.86
3.560980723,-0.121917556,,,201607,2173.6
-0.121917556,-0.12344826,,,201608,2170.95
-0.12344826,-1.942562504,,,201609,2168.27
-1.942562504,3.417444677,,,201610,2126.15
3.417444677,1.820075404,,,201611,2198.81
1.820075404,1.788434137,,,201612,2238.83
1.788434137,3.719826054,,,201701,2278.87
3.719826054,-0.038923017,,,201702,2363.64
-0.038923017,0.90912169,,,201703,2362.72
0.90912169,1.157621005,,,201704,2384.2
1.157621005,0.481383199,,,201705,2411.8
0.481383199,1.934876888,,,201706,2423.41
1.934876888,0.054649233,,,201707,2470.3
0.054649233,1.930289483,,,201708,2471.65
1.930289483,2.218817477,,,201709,2519.36
2.218817477,2.808260137,,,201710,2575.26
2.808260137,0.983161982,,,201711,2647.58
0.983161982,5.617872465,,,201712,2673.61
5.617872465,-3.89473796,,,201801,2823.81
-3.89473796,-2.688451377,,,201802,2713.83
-2.688451377,0.272637426,,,201803,2640.87
0.272637426,2.160063745,,,201804,2648.07
2.160064,0.48387,,,201805,2705.27
