       x    ,        y    ,             z
3,3,50.41211849
3,3.02,50.35674187
3,3.04,50.30008138
3,3.06,50.24234091
3,3.08,50.18372828
3,3.1,50.12445442
3,3.12,50.06473267
3,3.14,50.00477794
3,3.16,49.94480602
3,3.18,49.88503274
3,3.2,49.82567322
3,3.22,49.76694108
3,3.24,49.70904771
3,3.26,49.65220145
3,3.28,49.59660689
3,3.3,49.54246411
3,3.32,49.48996796
3,3.34,49.43930738
3,3.36,49.39066468
3,3.38,49.34421494
3,3.4,49.30012531
3,3.42,49.25855448
3,3.44,49.21965205
3,3.46,49.18355803
3,3.48,49.15040232
3,3.5,49.12030424
3,3.52,49.09337212
3,3.54,49.06970288
3,3.56,49.0493817
3,3.58,49.03248173
3,3.6,49.01906377
3,3.62,49.00917613
3,3.64,49.00285438
3,3.66,49.00012128
3,3.68,49.00098666
3,3.7,49.00544741
3,3.72,49.01348748
3,3.74,49.02507793
3,3.76,49.04017704
3,3.78,49.05873048
3,3.8,49.08067147
3,3.82,49.10592106
3,3.84,49.13438836
3,3.86,49.16597093
3,3.88,49.2005551
3,3.9,49.23801642
3,3.92,49.27822005
3,3.94,49.3210213
3,3.96,49.36626615
3,3.98,49.41379176
3,4,49.46342708
3.02,3,50.35674187
3.02,3.02,50.29969979
3.02,3.04,50.24156468
3.02,3.06,50.18254857
3.02,3.08,50.1228667
3.02,3.1,50.06273673
3.02,3.12,50.00237796
3.02,3.14,49.94201051
3.02,3.16,49.88185455
3.02,3.18,49.82212948
3.02,3.2,49.76305311
3.02,3.22,49.70484089
3.02,3.24,49.64770514
3.02,3.26,49.59185422
3.02,3.28,49.53749184
3.02,3.3,49.48481624
3.02,3.32,49.43401954
3.02,3.34,49.38528701
3.02,3.36,49.33879636
3.02,3.38,49.29471716
3.02,3.4,49.25321016
3.02,3.42,49.21442674
3.02,3.44,49.17850834
3.02,3.46,49.14558597
3.02,3.48,49.11577969
3.02,3.5,49.08919821
3.02,3.52,49.06593846
3.02,3.54,49.04608529
3.02,3.56,49.02971109
3.02,3.58,49.01687559
3.02,3.6,49.00762559
3.02,3.62,49.00199483
3.02,3.64,49.00000385
3.02,3.66,49.0016599
3.02,3.68,49.00695695
3.02,3.7,49.01587568
3.02,3.72,49.02838356
3.02,3.74,49.04443498
3.02,3.76,49.06397139
3.02,3.78,49.08692154
3.02,3.8,49.11320174
3.02,3.82,49.14271614
3.02,3.84,49.17535709
3.02,3.86,49.21100556
3.02,3.88,49.24953154
3.02,3.9,49.29079451
3.02,3.92,49.33464398
3.02,3.94,49.38092005
3.02,3.96,49.42945393
3.02,3.98,49.48006862
3.02,4,49.53257953
3.04,3,50.30008138
3.04,3.02,50.24156468
3.04,3.04,50.18215528
3.04,3.06,50.12207273
3.04,3.08,50.06153905
3.04,3.1,50.00077796
3.04,3.12,49.94001399
3.04,3.14,49.87947171
3.04,3.16,49.81937483
3.04,3.18,49.75994545
3.04,3.2,49.7014032
3.04,3.22,49.64396441
3.04,3.24,49.58784135
3.04,3.26,49.53324143
3.04,3.28,49.48036641
3.04,3.3,49.4294117
3.04,3.32,49.3805656
3.04,3.34,49.33400861
3.04,3.36,49.2899128
3.04,3.38,49.24844112
3.04,3.4,49.20974683
3.04,3.42,49.17397292
3.04,3.44,49.14125159
3.04,3.46,49.11170376
3.04,3.48,49.08543864
3.04,3.5,49.06255328
3.04,3.52,49.04313226
3.04,3.54,49.02724734
3.04,3.56,49.01495723
3.04,3.58,49.00630735
3.04,3.6,49.00132966
3.04,3.62,49.00004256
3.04,3.64,49.0024508
3.04,3.66,49.00854548
3.04,3.68,49.01830409
3.04,3.7,49.03169056
3.04,3.72,49.04865541
3.04,3.74,49.06913597
3.04,3.76,49.09305652
3.04,3.78,49.1203287
3.04,3.8,49.15085169
3.04,3.82,49.18451272
3.04,3.84,49.22118738
3.04,3.86,49.26074014
3.04,3.88,49.30302484
3.04,3.9,49.34788521
3.04,3.92,49.39515548
3.04,3.94,49.44466094
3.04,3.96,49.49621867
3.04,3.98,49.54963811
3.04,4,49.60472188
3.06,3,50.24234091
3.06,3.02,50.18254857
3.06,3.04,50.12207273
3.06,3.06,50.06113981
3.06,3.08,49.99997796
3.06,3.1,49.9388162
3.06,3.12,49.87788352
3.06,3.14,49.81740809
3.06,3.16,49.75761633
3.06,3.18,49.69873211
3.06,3.2,49.64097593
3.06,3.22,49.58456403
3.06,3.24,49.52970763
3.06,3.26,49.47661214
3.06,3.28,49.42547635
3.06,3.3,49.37649174
3.06,3.32,49.32984171
3.06,3.34,49.28570093
3.06,3.36,49.24423468
3.06,3.38,49.20559822
3.06,3.4,49.16993622
3.06,3.42,49.1373822
3.06,3.44,49.10805806
3.06,3.46,49.08207359
3.06,3.48,49.05952609
3.06,3.5,49.04049997
3.06,3.52,49.02506648
3.06,3.54,49.01328341
3.06,3.56,49.00519487
3.06,3.58,49.00083116
3.06,3.6,49.0002086
3.06,3.62,49.00332953
3.06,3.64,49.01018227
3.06,3.66,49.02074115
3.06,3.68,49.03496664
3.06,3.7,49.05280548
3.06,3.72,49.07419087
3.06,3.74,49.09904274
3.06,3.76,49.12726804
3.06,3.78,49.15876109
3.06,3.8,49.19340396
3.06,3.82,49.23106695
3.06,3.84,49.27160903
3.06,3.86,49.3148784
3.06,3.88,49.36071306
3.06,3.9,49.40894138
3.06,3.92,49.45938278
3.06,3.94,49.5118484
3.06,3.96,49.56614179
3.06,3.98,49.62205967
3.06,4,49.67939265
3.08,3,50.18372828
3.08,3.02,50.1228667
3.08,3.04,50.06153905
3.08,3.06,49.99997796
3.08,3.08,49.93841695
3.08,3.1,49.87708955
3.08,3.12,49.81622839
3.08,3.14,49.75606435
3.08,3.16,49.69682564
3.08,3.18,49.63873698
3.08,3.2,49.58201872
3.08,3.22,49.52688601
3.08,3.24,49.473548
3.08,3.26,49.422207
3.08,3.28,49.37305779
3.08,3.3,49.32628679
3.08,3.32,49.28207143
3.08,3.34,49.24057943
3.08,3.36,49.20196819
3.08,3.38,49.16638417
3.08,3.4,49.13396235
3.08,3.42,49.10482573
3.08,3.44,49.07908482
3.08,3.46,49.05683728
3.08,3.48,49.0381675
3.08,3.5,49.02314629
3.08,3.52,49.01183064
3.08,3.54,49.00426347
3.08,3.56,49.00047349
3.08,3.58,49.00047507
3.08,3.6,49.00426822
3.08,3.62,49.01183853
3.08,3.64,49.02315729
3.08,3.66,49.03818157
3.08,3.68,49.05685437
3.08,3.7,49.07910487
3.08,3.72,49.10484865
3.08,3.74,49.13398806
3.08,3.76,49.16641257
3.08,3.78,49.20199918
3.08,3.8,49.24061289
3.08,3.82,49.28210723
3.08,3.84,49.3263248
3.08,3.86,49.37309785
3.08,3.88,49.42224898
3.08,3.9,49.47359172
3.08,3.92,49.52693132
3.08,3.94,49.58206544
3.08,3.96,49.63878493
3.08,3.98,49.69687464
3.08,4,49.75611422
3.1,3,50.12445442
3.1,3.02,50.06273673
3.1,3.04,50.00077796
3.1,3.06,49.9388162
3.1,3.08,49.87708955
3.1,3.1,49.81583522
3.1,3.12,49.75528859
3.1,3.14,49.69568233
3.1,3.16,49.6372455
3.1,3.18,49.58020264
3.1,3.2,49.52477297
3.1,3.22,49.47116949
3.1,3.24,49.41959818
3.1,3.26,49.37025722
3.1,3.28,49.32333622
3.1,3.3,49.27901548
3.1,3.32,49.23746531
3.1,3.34,49.19884539
3.1,3.36,49.16330413
3.1,3.38,49.13097809
3.1,3.4,49.1019915
3.1,3.42,49.07645575
3.1,3.44,49.05446897
3.1,3.46,49.03611564
3.1,3.48,49.0214663
3.1,3.5,49.01057724
3.1,3.52,49.0034903
3.1,3.54,49.00023272
3.1,3.56,49.00081701
3.1,3.58,49.00524093
3.1,3.6,49.01348748
3.1,3.62,49.02552497
3.1,3.64,49.04130714
3.1,3.66,49.06077335
3.1,3.68,49.08384879
3.1,3.7,49.11044478
3.1,3.72,49.14045913
3.1,3.74,49.1737765
3.1,3.76,49.21026885
3.1,3.78,49.24979596
3.1,3.8,49.29220593
3.1,3.82,49.33733578
3.1,3.84,49.38501211
3.1,3.86,49.43505168
3.1,3.88,49.48726223
3.1,3.9,49.54144311
3.1,3.92,49.59738611
3.1,3.94,49.65487627
3.1,3.96,49.71369266
3.1,3.98,49.77360926
3.1,4,49.83439582
3.12,3,50.06473267
3.12,3.02,50.00237796
3.12,3.04,49.94001399
3.12,3.06,49.87788352
3.12,3.08,49.81622839
3.12,3.1,49.75528859
3.12,3.12,49.69530133
3.12,3.14,49.63650011
3.12,3.16,49.5791138
3.12,3.18,49.5233658
3.12,3.2,49.46947309
3.12,3.22,49.41764546
3.12,3.24,49.36808464
3.12,3.26,49.32098355
3.12,3.28,49.27652553
3.12,3.3,49.23488363
3.12,3.32,49.19621994
3.12,3.34,49.16068497
3.12,3.36,49.12841702
3.12,3.38,49.09954171
3.12,3.4,49.07417143
3.12,3.42,49.05240494
3.12,3.44,49.03432696
3.12,3.46,49.02000785
3.12,3.48,49.00950336
3.12,3.5,49.00285438
3.12,3.52,49.00008678
3.12,3.54,49.00121134
3.12,3.56,49.00622368
3.12,3.58,49.0151043
3.12,3.6,49.02781861
3.12,3.62,49.04431714
3.12,3.64,49.06453567
3.12,3.66,49.08839548
3.12,3.68,49.11580371
3.12,3.7,49.14665367
3.12,3.72,49.18082529
3.12,3.74,49.21818553
3.12,3.76,49.25858899
3.12,3.78,49.30187838
3.12,3.8,49.34788521
3.12,3.82,49.3964304
3.12,3.84,49.44732498
3.12,3.86,49.50037084
3.12,3.88,49.55536151
3.12,3.9,49.61208294
3.12,3.92,49.67031433
3.12,3.94,49.72982902
3.12,3.96,49.79039535
3.12,3.98,49.85177756
3.12,4,49.91373673
3.14,3,50.00477794
3.14,3.02,49.94201051
3.14,3.04,49.87947171
3.14,3.06,49.81740809
3.14,3.08,49.75606435
3.14,3.1,49.69568233
3.14,3.12,49.63650011
3.14,3.14,49.57875099
3.14,3.16,49.52266267
3.14,3.18,49.46845627
3.14,3.2,49.41634551
3.14,3.22,49.36653583
3.14,3.24,49.31922361
3.14,3.26,49.27459539
3.14,3.28,49.2328271
3.14,3.3,49.19408342
3.14,3.32,49.15851711
3.14,3.34,49.12626838
3.14,3.36,49.09746437
3.14,3.38,49.07221865
3.14,3.4,49.05063075
3.14,3.42,49.03278578
3.14,3.44,49.0187541
3.14,3.46,49.00859102
3.14,3.48,49.00233661
3.14,3.5,49.00001554
3.14,3.52,49.00163694
3.14,3.54,49.00719444
3.14,3.56,49.01666612
3.14,3.58,49.03001464
3.14,3.6,49.04718736
3.14,3.62,49.06811659
3.14,3.64,49.09271981
3.14,3.66,49.12090003
3.14,3.68,49.15254613
3.14,3.7,49.18753336
3.14,3.72,49.22572377
3.14,3.74,49.26696681
3.14,3.76,49.31109985
3.14,3.78,49.35794892
3.14,3.8,49.4073293
3.14,3.82,49.45904632
3.14,3.84,49.51289606
3.14,3.86,49.56866624
3.14,3.88,49.62613696
3.14,3.9,49.68508166
3.14,3.92,49.74526794
3.14,3.94,49.80645851
3.14,3.96,49.86841212
3.14,3.98,49.93088453
3.14,4,49.99362943
3.16,3,49.94480602
3.16,3.02,49.88185455
3.16,3.04,49.81937483
3.16,3.06,49.75761633
3.16,3.08,49.69682564
3.16,3.1,49.6372455
3.16,3.12,49.5791138
3.16,3.14,49.52266267
3.16,3.16,49.4681175
3.16,3.18,49.4156961
3.16,3.2,49.36560776
3.16,3.22,49.3180525
3.16,3.24,49.27322019
3.16,3.26,49.23128985
3.16,3.28,49.1924289
3.16,3.3,49.15679251
3.16,3.32,49.12452297
3.16,3.34,49.09574914
3.16,3.36,49.07058589
3.16,3.38,49.04913372
3.16,3.4,49.03147826
3.16,3.42,49.01769003
3.16,3.44,49.00782408
3.16,3.46,49.00191979
3.16,3.48,49.00000075
3.16,3.5,49.00207462
3.16,3.52,49.00813311
3.16,3.54,49.01815204
3.16,3.56,49.0320914
3.16,3.58,49.04989554
3.16,3.6,49.07149335
3.16,3.62,49.09679861
3.16,3.64,49.12571028
3.16,3.66,49.1581129
3.16,3.68,49.1938771
3.16,3.7,49.23286008
3.16,3.72,49.27490619
3.16,3.74,49.31984752
3.16,3.76,49.36750465
3.16,3.78,49.41768727
3.16,3.8,49.47019501
3.16,3.82,49.52481822
3.16,3.84,49.58133879
3.16,3.86,49.63953103
3.16,3.88,49.69916259
3.16,3.9,49.75999538
3.16,3.92,49.82178647
3.16,3.94,49.88428916
3.16,3.96,49.94725387
3.16,3.98,50.0104292
3.16,4,50.07356288
3.18,3,49.88503274
3.18,3.02,49.82212948
3.18,3.04,49.75994545
3.18,3.06,49.69873211
3.18,3.08,49.63873698
3.18,3.1,49.58020264
3.18,3.12,49.5233658
3.18,3.14,49.46845627
3.18,3.16,49.4156961
3.18,3.18,49.36529861
3.18,3.2,49.3174676
3.18,3.22,49.27239647
3.18,3.24,49.23026748
3.18,3.26,49.19125098
3.18,3.28,49.15550473
3.18,3.3,49.12317328
3.18,3.32,49.09438736
3.18,3.34,49.06926338
3.18,3.36,49.04790292
3.18,3.38,49.03039235
3.18,3.4,49.01680249
3.18,3.42,49.00718829
3.18,3.44,49.00158861
3.18,3.46,49.00002611
3.18,3.48,49.00250709
3.18,3.5,49.00902154
3.18,3.52,49.0195431
3.18,3.54,49.03402924
3.18,3.56,49.05242137
3.18,3.58,49.07464513
3.18,3.6,49.10061065
3.18,3.62,49.13021293
3.18,3.64,49.16333229
3.18,3.66,49.19983479
3.18,3.68,49.23957284
3.18,3.7,49.28238575
3.18,3.72,49.3281004
3.18,3.74,49.37653194
3.18,3.76,49.42748454
3.18,3.78,49.48075215
3.18,3.8,49.5361194
3.18,3.82,49.59336239
3.18,3.84,49.65224966
3.18,3.86,49.7125431
3.18,3.88,49.77399889
3.18,3.9,49.83636854
3.18,3.92,49.89939985
3.18,3.94,49.96283794
3.18,3.96,50.02642631
3.18,3.98,50.08990782
3.18,4,50.15302577
3.2,3,49.82567322
3.2,3.02,49.76305311
3.2,3.04,49.7014032
3.2,3.06,49.64097593
3.2,3.08,49.58201872
3.2,3.1,49.52477297
3.2,3.12,49.46947309
3.2,3.14,49.41634551
3.2,3.16,49.36560776
3.2,3.18,49.3174676
3.2,3.2,49.27212213
3.2,3.22,49.22975703
3.2,3.24,49.19054577
3.2,3.26,49.15464891
3.2,3.28,49.12221342
3.2,3.3,49.09337212
3.2,3.32,49.0682431
3.2,3.34,49.04692925
3.2,3.36,49.02951785
3.2,3.38,49.01608018
3.2,3.4,49.00667128
3.2,3.42,49.00132966
3.2,3.44,49.0000772
3.2,3.46,49.00291902
3.2,3.48,49.0098435
3.2,3.5,49.02082227
3.2,3.52,49.03581039
3.2,3.54,49.05474647
3.2,3.56,49.077553
3.2,3.58,49.10413658
3.2,3.6,49.13438836
3.2,3.62,49.16818448
3.2,3.64,49.20538655
3.2,3.66,49.24584225
3.2,3.68,49.28938592
3.2,3.7,49.33583928
3.2,3.72,49.38501211
3.2,3.74,49.43670307
3.2,3.76,49.4907005
3.2,3.78,49.54678332
3.2,3.8,49.60472188
3.2,3.82,49.66427894
3.2,3.84,49.72521065
3.2,3.86,49.78726751
3.2,3.88,49.85019543
3.2,3.9,49.91373673
3.2,3.92,49.97763125
3.2,3.94,50.04161736
3.2,3.96,50.10543307
3.2,3.98,50.16881707
3.2,4,50.23150983
3.22,3,49.76694108
3.22,3.02,49.70484089
3.22,3.04,49.64396441
3.22,3.06,49.58456403
3.22,3.08,49.52688601
3.22,3.1,49.47116949
3.22,3.12,49.41764546
3.22,3.14,49.36653583
3.22,3.16,49.3180525
3.22,3.18,49.27239647
3.22,3.2,49.22975703
3.22,3.22,49.19031097
3.22,3.24,49.15422181
3.22,3.26,49.12163919
3.22,3.28,49.09269819
3.22,3.3,49.06751879
3.22,3.32,49.0462054
3.22,3.34,49.02884637
3.22,3.36,49.01551367
3.22,3.38,49.00626257
3.22,3.4,49.00113144
3.22,3.42,49.00014155
3.22,3.44,49.00329699
3.22,3.46,49.0105847
3.22,3.48,49.02197445
3.22,3.5,49.03741902
3.22,3.52,49.05685437
3.22,3.54,49.08019995
3.22,3.56,49.10735894
3.22,3.58,49.13821876
3.22,3.6,49.17265147
3.22,3.62,49.2105143
3.22,3.64,49.25165028
3.22,3.66,49.29588886
3.22,3.68,49.34304663
3.22,3.7,49.39292809
3.22,3.72,49.44532642
3.22,3.74,49.50002439
3.22,3.76,49.55679522
3.22,3.78,49.61540354
3.22,3.8,49.67560638
3.22,3.82,49.73715412
3.22,3.84,49.79979161
3.22,3.86,49.86325914
3.22,3.88,49.9272936
3.22,3.9,49.99162948
3.22,3.92,50.05600007
3.22,3.94,50.12013849
3.22,3.96,50.18377883
3.22,3.98,50.24665723
3.22,4,50.30851301
3.24,3,49.70904771
3.24,3.02,49.64770514
3.24,3.04,49.58784135
3.24,3.06,49.52970763
3.24,3.08,49.473548
3.24,3.1,49.41959818
3.24,3.12,49.36808464
3.24,3.14,49.31922361
3.24,3.16,49.27322019
3.24,3.18,49.23026748
3.24,3.2,49.19054577
3.24,3.22,49.15422181
3.24,3.24,49.12144806
3.24,3.26,49.0923621
3.24,3.28,49.067086
3.24,3.3,49.04572589
3.24,3.32,49.0283714
3.24,3.34,49.01509539
3.24,3.36,49.0059536
3.24,3.38,49.00098438
3.24,3.4,49.0002086
3.24,3.42,49.00362951
3.24,3.44,49.01123276
3.24,3.46,49.02298644
3.24,3.48,49.03884119
3.24,3.5,49.05873048
3.24,3.52,49.08257081
3.24,3.54,49.11026212
3.24,3.56,49.14168817
3.24,3.58,49.17671704
3.24,3.6,49.2152017
3.24,3.62,49.2569806
3.24,3.64,49.30187838
3.24,3.66,49.34970658
3.24,3.68,49.40026443
3.24,3.7,49.45333971
3.24,3.72,49.50870964
3.24,3.74,49.56614179
3.24,3.76,49.6253951
3.24,3.78,49.68622083
3.24,3.8,49.74836367
3.24,3.82,49.81156278
3.24,3.84,49.87555287
3.24,3.86,49.94006533
3.24,3.88,50.00482937
3.24,3.9,50.06957314
3.24,3.92,50.13402487
3.24,3.94,50.19791402
3.24,3.96,50.26097241
3.24,3.98,50.32293536
3.24,4,50.38354276
3.26,3,49.65220145
3.26,3.02,49.59185422
3.26,3.04,49.53324143
3.26,3.06,49.47661214
3.26,3.08,49.422207
3.26,3.1,49.37025722
3.26,3.12,49.32098355
3.26,3.14,49.27459539
3.26,3.16,49.23128985
3.26,3.18,49.19125098
3.26,3.2,49.15464891
3.26,3.22,49.12163919
3.26,3.24,49.0923621
3.26,3.26,49.06694204
3.26,3.28,49.04548704
3.26,3.3,49.02808829
3.26,3.32,49.0148197
3.26,3.34,49.00573767
3.26,3.36,49.00088079
3.26,3.38,49.0002697
3.26,3.4,49.00390701
3.26,3.42,49.01177724
3.26,3.44,49.02384696
3.26,3.46,49.04006487
3.26,3.48,49.06036207
3.26,3.5,49.08465228
3.26,3.52,49.1128323
3.26,3.54,49.14478237
3.26,3.56,49.18036671
3.26,3.58,49.21943412
3.26,3.6,49.26181856
3.26,3.62,49.30733993
3.26,3.64,49.35580479
3.26,3.66,49.40700717
3.26,3.68,49.4607295
3.26,3.7,49.51674348
3.26,3.72,49.57481107
3.26,3.74,49.63468552
3.26,3.76,49.69611238
3.26,3.78,49.75883062
3.26,3.8,49.82257372
3.26,3.82,49.8870708
3.26,3.84,49.95204778
3.26,3.86,50.01722853
3.26,3.88,50.08233607
3.26,3.9,50.14709372
3.26,3.92,50.21122629
3.26,3.94,50.27446124
3.26,3.96,50.33652987
3.26,3.98,50.39716839
3.26,4,50.45611914
3.28,3,49.59660689
3.28,3.02,49.53749184
3.28,3.04,49.48036641
3.28,3.06,49.42547635
3.28,3.08,49.37305779
3.28,3.1,49.32333622
3.28,3.12,49.27652553
3.28,3.14,49.2328271
3.28,3.16,49.1924289
3.28,3.18,49.15550473
3.28,3.2,49.12221342
3.28,3.22,49.09269819
3.28,3.24,49.067086
3.28,3.26,49.04548704
3.28,3.28,49.02799422
3.28,3.3,49.0146828
3.28,3.32,49.00561002
3.28,3.34,49.00081493
3.28,3.36,49.00031815
3.28,3.38,49.00412182
3.28,3.4,49.01220957
3.28,3.42,49.02454662
3.28,3.44,49.04107989
3.28,3.46,49.06173826
3.28,3.48,49.08643286
3.28,3.5,49.11505746
3.28,3.52,49.14748892
3.28,3.54,49.18358772
3.28,3.56,49.22319858
3.28,3.58,49.2661511
3.28,3.6,49.31226051
3.28,3.62,49.36132844
3.28,3.64,49.41314382
3.28,3.66,49.46748375
3.28,3.68,49.52411446
3.28,3.7,49.58279235
3.28,3.72,49.64326499
3.28,3.74,49.70527224
3.28,3.76,49.76854735
3.28,3.78,49.83281813
3.28,3.8,49.89780809
3.28,3.82,49.96323767
3.28,3.84,50.02882539
3.28,3.86,50.09428911
3.28,3.88,50.15934722
3.28,3.9,50.22371984
3.28,3.92,50.28713006
3.28,3.94,50.3493051
3.28,3.96,50.40997749
3.28,3.98,50.46888624
3.28,4,50.52577792
3.3,3,49.54246411
3.3,3.02,49.48481624
3.3,3.04,49.4294117
3.3,3.06,49.37649174
3.3,3.08,49.32628679
3.3,3.1,49.27901548
3.3,3.12,49.23488363
3.3,3.14,49.19408342
3.3,3.16,49.15679251
3.3,3.18,49.12317328
3.3,3.2,49.09337212
3.3,3.22,49.06751879
3.3,3.24,49.04572589
3.3,3.26,49.02808829
3.3,3.28,49.0146828
3.3,3.3,49.00556779
3.3,3.32,49.00078296
3.3,3.34,49.00034914
3.3,3.36,49.00426822
3.3,3.38,49.01252313
3.3,3.4,49.02507793
3.3,3.42,49.04187794
3.3,3.44,49.06285003
3.3,3.46,49.08790285
3.3,3.48,49.11692733
3.3,3.5,49.14979708
3.3,3.52,49.18636897
3.3,3.54,49.22648375
3.3,3.56,49.26996674
3.3,3.58,49.3166286
3.3,3.6,49.36626615
3.3,3.62,49.41866324
3.3,3.64,49.47359172
3.3,3.66,49.5308124
3.3,3.68,49.59007611
3.3,3.7,49.65112481
3.3,3.72,49.71369266
3.3,3.74,49.7775072
3.3,3.76,49.84229058
3.3,3.78,49.90776069
3.3,3.8,49.97363244
3.3,3.82,50.03961901
3.3,3.84,50.10543307
3.3,3.86,50.17078802
3.3,3.88,50.23539929
3.3,3.9,50.29898554
3.3,3.92,50.36126987
3.3,3.94,50.42198109
3.3,3.96,50.48085482
3.3,3.98,50.53763471
3.3,4,50.59207351
3.32,3,49.48996796
3.32,3.02,49.43401954
3.32,3.04,49.3805656
3.32,3.06,49.32984171
3.32,3.08,49.28207143
3.32,3.1,49.23746531
3.32,3.12,49.19621994
3.32,3.14,49.15851711
3.32,3.16,49.12452297
3.32,3.18,49.09438736
3.32,3.2,49.0682431
3.32,3.22,49.0462054
3.32,3.24,49.0283714
3.32,3.26,49.0148197
3.32,3.28,49.00561002
3.32,3.3,49.00078296
3.32,3.32,49.00035979
3.32,3.34,49.00434237
3.32,3.36,49.01271315
3.32,3.38,49.02543525
3.32,3.4,49.04245258
3.32,3.42,49.06369015
3.32,3.44,49.08905436
3.32,3.46,49.11843341
3.32,3.48,49.15169783
3.32,3.5,49.188701
3.32,3.52,49.22927984
3.32,3.54,49.27325551
3.32,3.56,49.3204342
3.32,3.58,49.37060795
3.32,3.6,49.42355566
3.32,3.62,49.47904395
3.32,3.64,49.53682827
3.32,3.66,49.59665394
3.32,3.68,49.6582573
3.32,3.7,49.72136684
3.32,3.72,49.78570441
3.32,3.74,49.85098645
3.32,3.76,49.91692524
3.32,3.78,49.98323017
3.32,3.8,50.04960901
3.32,3.82,50.11576921
3.32,3.84,50.18141918
3.32,3.86,50.24626957
3.32,3.88,50.31003456
3.32,3.9,50.37243313
3.32,3.92,50.43319026
3.32,3.94,50.49203817
3.32,3.96,50.5487175
3.32,3.98,50.60297844
3.32,4,50.65458186
3.34,3,49.43930738
3.34,3.02,49.38528701
3.34,3.04,49.33400861
3.34,3.06,49.28570093
3.34,3.08,49.24057943
3.34,3.1,49.19884539
3.34,3.12,49.16068497
3.34,3.14,49.12626838
3.34,3.16,49.09574914
3.34,3.18,49.06926338
3.34,3.2,49.04692925
3.34,3.22,49.02884637
3.34,3.24,49.01509539
3.34,3.26,49.00573767
3.34,3.28,49.00081493
3.34,3.3,49.00034914
3.34,3.32,49.00434237
3.34,3.34,49.01277681
3.34,3.36,49.02561485
3.34,3.38,49.0427992
3.34,3.4,49.06425323
3.34,3.42,49.08988123
3.34,3.44,49.11956889
3.34,3.46,49.15318378
3.34,3.48,49.19057597
3.34,3.5,49.23157866
3.34,3.52,49.27600895
3.34,3.54,49.32366867
3.34,3.56,49.37434521
3.34,3.58,49.42781254
3.34,3.6,49.48383216
3.34,3.62,49.54215418
3.34,3.64,49.60251847
3.34,3.66,49.66465575
3.34,3.68,49.72828886
3.34,3.7,49.79313397
3.34,3.72,49.85890181
3.34,3.74,49.92529904
3.34,3.76,49.99202947
3.34,3.78,50.05879546
3.34,3.8,50.12529918
3.34,3.82,50.191244
3.34,3.84,50.25633576
3.34,3.86,50.32028411
3.34,3.88,50.38280381
3.34,3.9,50.44361599
3.34,3.92,50.50244937
3.34,3.94,50.55904155
3.34,3.96,50.61314007
3.34,3.98,50.66450363
3.34,4,50.71290311
3.36,3,49.39066468
3.36,3.02,49.33879636
3.36,3.04,49.2899128
3.36,3.06,49.24423468
3.36,3.08,49.20196819
3.36,3.1,49.16330413
3.36,3.12,49.12841702
3.36,3.14,49.09746437
3.36,3.16,49.07058589
3.36,3.18,49.04790292
3.36,3.2,49.02951785
3.36,3.22,49.01551367
3.36,3.24,49.0059536
3.36,3.26,49.00088079
3.36,3.28,49.00031815
3.36,3.3,49.00426822
3.36,3.32,49.01271315
3.36,3.34,49.02561485
3.36,3.36,49.04291505
3.36,3.38,49.06453567
3.36,3.4,49.0903791
3.36,3.42,49.1203287
3.36,3.44,49.15424925
3.36,3.46,49.19198764
3.36,3.48,49.23337351
3.36,3.5,49.27822005
3.36,3.52,49.3263248
3.36,3.54,49.37747061
3.36,3.56,49.43142661
3.36,3.58,49.48794923
3.36,3.6,49.54678332
3.36,3.62,49.60766329
3.36,3.64,49.67031433
3.36,3.66,49.73445361
3.36,3.68,49.79979161
3.36,3.7,49.86603337
3.36,3.72,49.93287989
3.36,3.74,50.00002939
3.36,3.76,50.06717875
3.36,3.78,50.13402487
3.36,3.8,50.20026597
3.36,3.82,50.26560305
3.36,3.84,50.32974116
3.36,3.86,50.39239077
3.36,3.88,50.45326907
3.36,3.9,50.51210125
3.36,3.92,50.56862174
3.36,3.94,50.62257538
3.36,3.96,50.67371864
3.36,3.98,50.72182063
3.36,4,50.76666422
3.38,3,49.34421494
3.38,3.02,49.29471716
3.38,3.04,49.24844112
3.38,3.06,49.20559822
3.38,3.08,49.16638417
3.38,3.1,49.13097809
3.38,3.12,49.09954171
3.38,3.14,49.07221865
3.38,3.16,49.04913372
3.38,3.18,49.03039235
3.38,3.2,49.01608018
3.38,3.22,49.00626257
3.38,3.24,49.00098438
3.38,3.26,49.0002697
3.38,3.28,49.00412182
3.38,3.3,49.01252313
3.38,3.32,49.02543525
3.38,3.34,49.0427992
3.38,3.36,49.06453567
3.38,3.38,49.09054535
3.38,3.4,49.12070944
3.38,3.42,49.15489015
3.38,3.44,49.19293134
3.38,3.46,49.23465923
3.38,3.48,49.27988322
3.38,3.5,49.32839671
3.38,3.52,49.3799781
3.38,3.54,49.43439176
3.38,3.56,49.49138914
3.38,3.58,49.55070985
3.38,3.6,49.61208294
3.38,3.62,49.67522803
3.38,3.64,49.7398567
3.38,3.66,49.8056737
3.38,3.68,49.87237838
3.38,3.7,49.93966605
3.38,3.72,50.00722932
3.38,3.74,50.07475957
3.38,3.76,50.14194832
3.38,3.78,50.20848864
3.38,3.8,50.27407658
3.38,3.82,50.33841254
3.38,3.84,50.40120262
3.38,3.86,50.46216
3.38,3.88,50.52100622
3.38,3.9,50.57747247
3.38,3.92,50.63130082
3.38,3.94,50.68224538
3.38,3.96,50.73007342
3.38,3.98,50.77456648
3.38,4,50.8155213
3.4,3,49.30012531
3.4,3.02,49.25321016
3.4,3.04,49.20974683
3.4,3.06,49.16993622
3.4,3.08,49.13396235
3.4,3.1,49.1019915
3.4,3.12,49.07417143
3.4,3.14,49.05063075
3.4,3.16,49.03147826
3.4,3.18,49.01680249
3.4,3.2,49.00667128
3.4,3.22,49.00113144
3.4,3.24,49.0002086
3.4,3.26,49.00390701
3.4,3.28,49.01220957
3.4,3.3,49.02507793
3.4,3.32,49.04245258
3.4,3.34,49.06425323
3.4,3.36,49.0903791
3.4,3.38,49.12070944
3.4,3.4,49.15510406
3.4,3.42,49.19340396
3.4,3.44,49.23543213
3.4,3.46,49.2809943
3.4,3.48,49.32987987
3.4,3.5,49.38186289
3.4,3.52,49.43670307
3.4,3.54,49.49414692
3.4,3.56,49.55392895
3.4,3.58,49.61577281
3.4,3.6,49.67939265
3.4,3.62,49.74449441
3.4,3.64,49.81077717
3.4,3.66,49.87793456
3.4,3.68,49.94565617
3.4,3.7,50.01362896
3.4,3.72,50.08153876
3.4,3.74,50.14907167
3.4,3.76,50.21591554
3.4,3.78,50.28176139
3.4,3.8,50.34630489
3.4,3.82,50.40924769
3.4,3.84,50.47029885
3.4,3.86,50.52917619
3.4,3.88,50.58560757
3.4,3.9,50.63933213
3.4,3.92,50.69010157
3.4,3.94,50.7376812
3.4,3.96,50.78185111
3.4,3.98,50.82240714
3.4,4,50.85916181
3.42,3,49.25855448
3.42,3.02,49.21442674
3.42,3.04,49.17397292
3.42,3.06,49.1373822
3.42,3.08,49.10482573
3.42,3.1,49.07645575
3.42,3.12,49.05240494
3.42,3.14,49.03278578
3.42,3.16,49.01769003
3.42,3.18,49.00718829
3.42,3.2,49.00132966
3.42,3.22,49.00014155
3.42,3.24,49.00362951
3.42,3.26,49.01177724
3.42,3.28,49.02454662
3.42,3.3,49.04187794
3.42,3.32,49.06369015
3.42,3.34,49.08988123
3.42,3.36,49.1203287
3.42,3.38,49.15489015
3.42,3.4,49.19340396
3.42,3.42,49.23569001
3.42,3.44,49.28155054
3.42,3.46,49.33077106
3.42,3.48,49.38312139
3.42,3.5,49.4383567
3.42,3.52,49.49621867
3.42,3.54,49.55643669
3.42,3.56,49.61872913
3.42,3.58,49.68280468
3.42,3.6,49.74836367
3.42,3.62,49.8150995
3.42,3.64,49.88270006
3.42,3.66,49.9508492
3.42,3.68,50.0192282
3.42,3.7,50.08751728
3.42,3.72,50.15539706
3.42,3.74,50.22255009
3.42,3.76,50.28866232
3.42,3.78,50.35342454
3.42,3.8,50.4165339
3.42,3.82,50.47769523
3.42,3.84,50.53662251
3.42,3.86,50.59304015
3.42,3.88,50.64668429
3.42,3.9,50.69730407
3.42,3.92,50.74466273
3.42,3.94,50.78853881
3.42,3.96,50.8287271
3.42,3.98,50.86503964
3.42,4,50.89730663
3.44,3,49.21965205
3.44,3.02,49.17850834
3.44,3.04,49.14125159
3.44,3.06,49.10805806
3.44,3.08,49.07908482
3.44,3.1,49.05446897
3.44,3.12,49.03432696
3.44,3.14,49.0187541
3.44,3.16,49.00782408
3.44,3.18,49.00158861
3.44,3.2,49.0000772
3.44,3.22,49.00329699
3.44,3.24,49.01123276
3.44,3.26,49.02384696
3.44,3.28,49.04107989
3.44,3.3,49.06285003
3.44,3.32,49.08905436
3.44,3.34,49.11956889
3.44,3.36,49.15424925
3.44,3.38,49.19293134
3.44,3.4,49.23543213
3.44,3.42,49.28155054
3.44,3.44,49.33106834
3.44,3.46,49.38375123
3.44,3.48,49.43934996
3.44,3.5,49.49760144
3.44,3.52,49.55823006
3.44,3.54,49.62094894
3.44,3.56,49.68546133
3.44,3.58,49.75146199
3.44,3.6,49.81863862
3.44,3.62,49.88667337
3.44,3.64,49.95524434
3.44,3.66,50.02402707
3.44,3.68,50.09269612
3.44,3.7,50.16092657
3.44,3.72,50.22839558
3.44,3.74,50.29478392
3.44,3.76,50.35977747
3.44,3.78,50.42306871
3.44,3.8,50.48435817
3.44,3.82,50.54335585
3.44,3.84,50.5997826
3.44,3.86,50.65337144
3.44,3.88,50.7038688
3.44,3.9,50.75103575
3.44,3.92,50.79464913
3.44,3.94,50.83450256
3.44,3.96,50.87040749
3.44,3.98,50.90219402
3.44,4,50.92971175
3.46,3,49.18355803
3.46,3.02,49.14558597
3.46,3.04,49.11170376
3.46,3.06,49.08207359
3.46,3.08,49.05683728
3.46,3.1,49.03611564
3.46,3.12,49.02000785
3.46,3.14,49.00859102
3.46,3.16,49.00191979
3.46,3.18,49.00002611
3.46,3.2,49.00291902
3.46,3.22,49.0105847
3.46,3.24,49.02298644
3.46,3.26,49.04006487
3.46,3.28,49.06173826
3.46,3.3,49.08790285
3.46,3.32,49.11843341
3.46,3.34,49.15318378
3.46,3.36,49.19198764
3.46,3.38,49.23465923
3.46,3.4,49.2809943
3.46,3.42,49.33077106
3.46,3.44,49.38375123
3.46,3.46,49.43968123
3.46,3.48,49.49829331
3.46,3.5,49.55930693
3.46,3.52,49.62243003
3.46,3.54,49.68736045
3.46,3.56,49.75378739
3.46,3.58,49.82139289
3.46,3.6,49.88985333
3.46,3.62,49.95884102
3.46,3.64,50.02802572
3.46,3.66,50.09707626
3.46,3.68,50.16566213
3.46,3.7,50.23345503
3.46,3.72,50.30013043
3.46,3.74,50.36536919
3.46,3.76,50.42885903
3.46,3.78,50.49029604
3.46,3.8,50.54938613
3.46,3.82,50.60584646
3.46,3.84,50.65940676
3.46,3.86,50.70981067
3.46,3.88,50.7568169
3.46,3.9,50.80020046
3.46,3.92,50.83975367
3.46,3.94,50.87528721
3.46,3.96,50.90663098
3.46,3.98,50.93363496
3.46,4,50.95616988
3.48,3,49.15040232
3.48,3.02,49.11577969
3.48,3.04,49.08543864
3.48,3.06,49.05952609
3.48,3.08,49.0381675
3.48,3.1,49.0214663
3.48,3.12,49.00950336
3.48,3.14,49.00233661
3.48,3.16,49.00000075
3.48,3.18,49.00250709
3.48,3.2,49.0098435
3.48,3.22,49.02197445
3.48,3.24,49.03884119
3.48,3.26,49.06036207
3.48,3.28,49.08643286
3.48,3.3,49.11692733
3.48,3.32,49.15169783
3.48,3.34,49.19057597
3.48,3.36,49.23337351
3.48,3.38,49.27988322
3.48,3.4,49.32987987
3.48,3.42,49.38312139
3.48,3.44,49.43934996
3.48,3.46,49.49829331
3.48,3.48,49.55966603
3.48,3.5,49.62317093
3.48,3.52,49.68850052
3.48,3.54,49.75533845
3.48,3.56,49.82336109
3.48,3.58,49.89223904
3.48,3.6,49.9616388
3.48,3.62,50.03122431
3.48,3.64,50.10065862
3.48,3.66,50.16960553
3.48,3.68,50.23773117
3.48,3.7,50.30470567
3.48,3.72,50.37020472
3.48,3.74,50.43391116
3.48,3.76,50.49551652
3.48,3.78,50.55472248
3.48,3.8,50.61124236
3.48,3.82,50.66480249
3.48,3.84,50.7151435
3.48,3.86,50.76202164
3.48,3.88,50.80520992
3.48,3.9,50.84449921
3.48,3.92,50.87969925
3.48,3.94,50.91063962
3.48,3.96,50.93717048
3.48,3.98,50.95916337
3.48,4,50.97651179
3.5,3,49.12030424
3.5,3.02,49.08919821
3.5,3.04,49.06255328
3.5,3.06,49.04049997
3.5,3.08,49.02314629
3.5,3.1,49.01057724
3.5,3.12,49.00285438
3.5,3.14,49.00001554
3.5,3.16,49.00207462
3.5,3.18,49.00902154
3.5,3.2,49.02082227
3.5,3.22,49.03741902
3.5,3.24,49.05873048
3.5,3.26,49.08465228
3.5,3.28,49.11505746
3.5,3.3,49.14979708
3.5,3.32,49.188701
3.5,3.34,49.23157866
3.5,3.36,49.27822005
3.5,3.38,49.32839671
3.5,3.4,49.38186289
3.5,3.42,49.4383567
3.5,3.44,49.49760144
3.5,3.46,49.55930693
3.5,3.48,49.62317093
3.5,3.5,49.68888065
3.5,3.52,49.75611422
3.5,3.54,49.82454235
3.5,3.56,49.89382986
3.5,3.58,49.9636374
3.5,3.6,50.03362305
3.5,3.62,50.10344401
3.5,3.64,50.17275829
3.5,3.66,50.24122641
3.5,3.68,50.30851301
3.5,3.7,50.3742885
3.5,3.72,50.43823073
3.5,3.74,50.50002651
3.5,3.76,50.55937316
3.5,3.78,50.61597999
3.5,3.8,50.66956976
3.5,3.82,50.71987998
3.5,3.84,50.76666422
3.5,3.86,50.80969335
3.5,3.88,50.84875659
3.5,3.9,50.88366263
3.5,3.92,50.91424048
3.5,3.94,50.94034039
3.5,3.96,50.96183451
3.5,3.98,50.97861757
3.5,4,50.99060736
3.52,3,49.09337212
3.52,3.02,49.06593846
3.52,3.04,49.04313226
3.52,3.06,49.02506648
3.52,3.08,49.01183064
3.52,3.1,49.0034903
3.52,3.12,49.00008678
3.52,3.14,49.00163694
3.52,3.16,49.00813311
3.52,3.18,49.0195431
3.52,3.2,49.03581039
3.52,3.22,49.05685437
3.52,3.24,49.08257081
3.52,3.26,49.1128323
3.52,3.28,49.14748892
3.52,3.3,49.18636897
3.52,3.32,49.22927984
3.52,3.34,49.27600895
3.52,3.36,49.3263248
3.52,3.38,49.3799781
3.52,3.4,49.43670307
3.52,3.42,49.49621867
3.52,3.44,49.55823006
3.52,3.46,49.62243003
3.52,3.48,49.68850052
3.52,3.5,49.75611422
3.52,3.52,49.82493615
3.52,3.54,49.89462538
3.52,3.56,49.96483664
3.52,3.58,50.0352221
3.52,3.6,50.10543307
3.52,3.62,50.17512171
3.52,3.64,50.24394278
3.52,3.66,50.31155533
3.52,3.68,50.37762439
3.52,3.7,50.44182267
3.52,3.72,50.5038321
3.52,3.74,50.56334549
3.52,3.76,50.62006801
3.52,3.78,50.67371864
3.52,3.8,50.72403159
3.52,3.82,50.7707576
3.52,3.84,50.8136652
3.52,3.86,50.8525418
3.52,3.88,50.88719482
3.52,3.9,50.91745257
3.52,3.92,50.94316516
3.52,3.94,50.9642052
3.52,3.96,50.98046846
3.52,3.98,50.99187437
3.52,4,50.99836642
3.54,3,49.06970288
3.54,3.02,49.04608529
3.54,3.04,49.02724734
3.54,3.06,49.01328341
3.54,3.08,49.00426347
3.54,3.1,49.00023272
3.54,3.12,49.00121134
3.54,3.14,49.00719444
3.54,3.16,49.01815204
3.54,3.18,49.03402924
3.54,3.2,49.05474647
3.54,3.22,49.08019995
3.54,3.24,49.11026212
3.54,3.26,49.14478237
3.54,3.28,49.18358772
3.54,3.3,49.22648375
3.54,3.32,49.27325551
3.54,3.34,49.32366867
3.54,3.36,49.37747061
3.54,3.38,49.43439176
3.54,3.4,49.49414692
3.54,3.42,49.55643669
3.54,3.44,49.62094894
3.54,3.46,49.68736045
3.54,3.48,49.75533845
3.54,3.5,49.82454235
3.54,3.52,49.89462538
3.54,3.54,49.96523639
3.54,3.56,50.03602159
3.54,3.58,50.1066263
3.54,3.6,50.17669676
3.54,3.62,50.24588187
3.54,3.64,50.31383497
3.54,3.66,50.38021559
3.54,3.68,50.44469113
3.54,3.7,50.50693851
3.54,3.72,50.56664586
3.54,3.74,50.62351401
3.54,3.76,50.677258
3.54,3.78,50.72760857
3.54,3.8,50.77431342
3.54,3.82,50.81713853
3.54,3.84,50.85586934
3.54,3.86,50.89031177
3.54,3.88,50.92029325
3.54,3.9,50.94566356
3.54,3.92,50.96629558
3.54,3.94,50.98208593
3.54,3.96,50.99295549
3.54,3.98,50.99884981
3.54,4,50.99973934
3.56,3,49.0493817
3.56,3.02,49.02971109
3.56,3.04,49.01495723
3.56,3.06,49.00519487
3.56,3.08,49.00047349
3.56,3.1,49.00081701
3.56,3.12,49.00622368
3.56,3.14,49.01666612
3.56,3.16,49.0320914
3.56,3.18,49.05242137
3.56,3.2,49.077553
3.56,3.22,49.10735894
3.56,3.24,49.14168817
3.56,3.26,49.18036671
3.56,3.28,49.22319858
3.56,3.3,49.26996674
3.56,3.32,49.3204342
3.56,3.34,49.37434521
3.56,3.36,49.43142661
3.56,3.38,49.49138914
3.56,3.4,49.55392895
3.56,3.42,49.61872913
3.56,3.44,49.68546133
3.56,3.46,49.75378739
3.56,3.48,49.82336109
3.56,3.5,49.89382986
3.56,3.52,49.96483664
3.56,3.54,50.03602159
3.56,3.56,50.10702401
3.56,3.58,50.17748411
3.56,3.6,50.24704485
3.56,3.62,50.31535373
3.56,3.64,50.38206463
3.56,3.66,50.44683949
3.56,3.68,50.50935007
3.56,3.7,50.56927963
3.56,3.72,50.62632448
3.56,3.74,50.68019556
3.56,3.76,50.73061988
3.56,3.78,50.77734194
3.56,3.8,50.82012497
3.56,3.82,50.85875218
3.56,3.84,50.89302783
3.56,3.86,50.92277825
3.56,3.88,50.94785268
3.56,3.9,50.96812405
3.56,3.92,50.98348965
3.56,3.94,50.99387161
3.56,3.96,50.99921733
3.56,3.98,50.99949972
3.56,4,50.99471734
3.58,3,49.03248173
3.58,3.02,49.01687559
3.58,3.04,49.00630735
3.58,3.06,49.00083116
3.58,3.08,49.00047507
3.58,3.1,49.00524093
3.58,3.12,49.0151043
3.58,3.14,49.03001464
3.58,3.16,49.04989554
3.58,3.18,49.07464513
3.58,3.2,49.10413658
3.58,3.22,49.13821876
3.58,3.24,49.17671704
3.58,3.26,49.21943412
3.58,3.28,49.2661511
3.58,3.3,49.3166286
3.58,3.32,49.37060795
3.58,3.34,49.42781254
3.58,3.36,49.48794923
3.58,3.38,49.55070985
3.58,3.4,49.61577281
3.58,3.42,49.68280468
3.58,3.44,49.75146199
3.58,3.46,49.82139289
3.58,3.48,49.89223904
3.58,3.5,49.9636374
3.58,3.52,50.0352221
3.58,3.54,50.1066263
3.58,3.56,50.17748411
3.58,3.58,50.24743243
3.58,3.6,50.31611281
3.58,3.62,50.38317332
3.58,3.64,50.4482703
3.58,3.66,50.51107017
3.58,3.68,50.57125114
3.58,3.7,50.6285048
3.58,3.72,50.68253777
3.58,3.74,50.73307317
3.58,3.76,50.77985202
3.58,3.78,50.82263463
3.58,3.8,50.86120175
3.58,3.82,50.89535576
3.58,3.84,50.92492163
3.58,3.86,50.94974786
3.58,3.88,50.96970723
3.58,3.9,50.98469746
3.58,3.92,50.99464174
3.58,3.94,50.9994891
3.58,3.96,50.99921471
3.58,3.98,50.99381998
3.58,4,50.98333254
3.6,3,49.01906377
3.6,3.02,49.00762559
3.6,3.04,49.00132966
3.6,3.06,49.0002086
3.6,3.08,49.00426822
3.6,3.1,49.01348748
3.6,3.12,49.02781861
3.6,3.14,49.04718736
3.6,3.16,49.07149335
3.6,3.18,49.10061065
3.6,3.2,49.13438836
3.6,3.22,49.17265147
3.6,3.24,49.2152017
3.6,3.26,49.26181856
3.6,3.28,49.31226051
3.6,3.3,49.36626615
3.6,3.32,49.42355566
3.6,3.34,49.48383216
3.6,3.36,49.54678332
3.6,3.38,49.61208294
3.6,3.4,49.67939265
3.6,3.42,49.74836367
3.6,3.44,49.81863862
3.6,3.46,49.88985333
3.6,3.48,49.9616388
3.6,3.5,50.03362305
3.6,3.52,50.10543307
3.6,3.54,50.17669676
3.6,3.56,50.24704485
3.6,3.58,50.31611281
3.6,3.6,50.38354276
3.6,3.62,50.44898527
3.6,3.64,50.51210125
3.6,3.66,50.57256365
3.6,3.68,50.63005915
3.6,3.7,50.68428985
3.6,3.72,50.73497471
3.6,3.74,50.78185111
3.6,3.76,50.82467615
3.6,3.78,50.86322791
3.6,3.8,50.89730663
3.6,3.82,50.92673572
3.6,3.84,50.95136269
3.6,3.86,50.97105993
3.6,3.88,50.98572536
3.6,3.9,50.99528301
3.6,3.92,50.99968333
3.6,3.94,50.99890353
3.6,3.96,50.99294766
3.6,3.98,50.98184656
3.6,4,50.96565778
3.62,3,49.00917613
3.62,3.02,49.00199483
3.62,3.04,49.00004256
3.62,3.06,49.00332953
3.62,3.08,49.01183853
3.62,3.1,49.02552497
3.62,3.12,49.04431714
3.62,3.14,49.06811659
3.62,3.16,49.09679861
3.62,3.18,49.13021293
3.62,3.2,49.16818448
3.62,3.22,49.2105143
3.62,3.24,49.2569806
3.62,3.26,49.30733993
3.62,3.28,49.36132844
3.62,3.3,49.41866324
3.62,3.32,49.47904395
3.62,3.34,49.54215418
3.62,3.36,49.60766329
3.62,3.38,49.67522803
3.62,3.4,49.74449441
3.62,3.42,49.8150995
3.62,3.44,49.88667337
3.62,3.46,49.95884102
3.62,3.48,50.03122431
3.62,3.5,50.10344401
3.62,3.52,50.17512171
3.62,3.54,50.24588187
3.62,3.56,50.31535373
3.62,3.58,50.38317332
3.62,3.6,50.44898527
3.62,3.62,50.51244478
3.62,3.64,50.57321935
3.62,3.66,50.63099056
3.62,3.68,50.68545571
3.62,3.7,50.73632943
3.62,3.72,50.78334518
3.62,3.74,50.82625661
3.62,3.76,50.86483889
3.62,3.78,50.89888988
3.62,3.8,50.92823116
3.62,3.82,50.952709
3.62,3.84,50.97219515
3.62,3.86,50.98658751
3.62,3.88,50.99581068
3.62,3.9,50.99981632
3.62,3.92,50.99858346
3.62,3.94,50.99211854
3.62,3.96,50.98045545
3.62,3.98,50.9636553
3.62,4,50.94180609
3.64,3,49.00285438
3.64,3.02,49.00000385
3.64,3.04,49.0024508
3.64,3.06,49.01018227
3.64,3.08,49.02315729
3.64,3.1,49.04130714
3.64,3.12,49.06453567
3.64,3.14,49.09271981
3.64,3.16,49.12571028
3.64,3.18,49.16333229
3.64,3.2,49.20538655
3.64,3.22,49.25165028
3.64,3.24,49.30187838
3.64,3.26,49.35580479
3.64,3.28,49.41314382
3.64,3.3,49.47359172
3.64,3.32,49.53682827
3.64,3.34,49.60251847
3.64,3.36,49.67031433
3.64,3.38,49.7398567
3.64,3.4,49.81077717
3.64,3.42,49.88270006
3.64,3.44,49.95524434
3.64,3.46,50.02802572
3.64,3.48,50.10065862
3.64,3.5,50.17275829
3.64,3.52,50.24394278
3.64,3.54,50.31383497
3.64,3.56,50.38206463
3.64,3.58,50.4482703
3.64,3.6,50.51210125
3.64,3.62,50.57321935
3.64,3.64,50.63130082
3.64,3.66,50.68603798
3.64,3.68,50.73714085
3.64,3.7,50.78433871
3.64,3.72,50.82738154
3.64,3.74,50.86604132
3.64,3.76,50.90011324
3.64,3.78,50.92941682
3.64,3.8,50.95379681
3.64,3.82,50.97312406
3.64,3.84,50.98729618
3.64,3.86,50.99623811
3.64,3.88,50.99990246
3.64,3.9,50.99826983
3.64,3.92,50.99134887
3.64,3.94,50.97917624
3.64,3.96,50.96181642
3.64,3.98,50.93936138
3.64,4,50.91193007
3.66,3,49.00012128
3.66,3.02,49.0016599
3.66,3.04,49.00854548
3.66,3.06,49.02074115
3.66,3.08,49.03818157
3.66,3.1,49.06077335
3.66,3.12,49.08839548
3.66,3.14,49.12090003
3.66,3.16,49.1581129
3.66,3.18,49.19983479
3.66,3.2,49.24584225
3.66,3.22,49.29588886
3.66,3.24,49.34970658
3.66,3.26,49.40700717
3.66,3.28,49.46748375
3.66,3.3,49.5308124
3.66,3.32,49.59665394
3.66,3.34,49.66465575
3.66,3.36,49.73445361
3.66,3.38,49.8056737
3.66,3.4,49.87793456
3.66,3.42,49.9508492
3.66,3.44,50.02402707
3.66,3.46,50.09707626
3.66,3.48,50.16960553
3.66,3.5,50.24122641
3.66,3.52,50.31155533
3.66,3.54,50.38021559
3.66,3.56,50.44683949
3.66,3.58,50.51107017
3.66,3.6,50.57256365
3.66,3.62,50.63099056
3.66,3.64,50.68603798
3.66,3.66,50.73741108
3.66,3.68,50.78483473
3.66,3.7,50.82805492
3.66,3.72,50.86684017
3.66,3.74,50.90098276
3.66,3.76,50.93029982
3.66,3.78,50.95463433
3.66,3.8,50.97385598
3.66,3.82,50.98786179
3.66,3.84,50.99657677
3.66,3.86,50.99995424
3.66,3.88,50.9979761
3.66,3.9,50.99065295
3.66,3.92,50.97802402
3.66,3.94,50.96015694
3.66,3.96,50.93714741
3.66,3.98,50.90911866
3.66,4,50.8762208
3.68,3,49.00098666
3.68,3.02,49.00695695
3.68,3.04,49.01830409
3.68,3.06,49.03496664
3.68,3.08,49.05685437
3.68,3.1,49.08384879
3.68,3.12,49.11580371
3.68,3.14,49.15254613
3.68,3.16,49.1938771
3.68,3.18,49.23957284
3.68,3.2,49.28938592
3.68,3.22,49.34304663
3.68,3.24,49.40026443
3.68,3.26,49.4607295
3.68,3.28,49.52411446
3.68,3.3,49.59007611
3.68,3.32,49.6582573
3.68,3.34,49.72828886
3.68,3.36,49.79979161
3.68,3.38,49.87237838
3.68,3.4,49.94565617
3.68,3.42,50.0192282
3.68,3.44,50.09269612
3.68,3.46,50.16566213
3.68,3.48,50.23773117
3.68,3.5,50.30851301
3.68,3.52,50.37762439
3.68,3.54,50.44469113
3.68,3.56,50.50935007
3.68,3.58,50.57125114
3.68,3.6,50.63005915
3.68,3.62,50.68545571
3.68,3.64,50.73714085
3.68,3.66,50.78483473
3.68,3.68,50.82827911
3.68,3.7,50.86723876
3.68,3.72,50.90150273
3.68,3.74,50.93088551
3.68,3.76,50.95522799
3.68,3.78,50.97439837
3.68,3.8,50.98829286
3.68,3.82,50.99683622
3.68,3.84,50.9999822
3.68,3.86,50.99771376
3.68,3.88,50.99004318
3.68,3.9,50.977012
3.68,3.92,50.95869077
3.68,3.94,50.9351787
3.68,3.96,50.90660308
3.68,3.98,50.87311865
3.68,4,50.83490671
3.7,3,49.00544741
3.7,3.02,49.01587568
3.7,3.04,49.03169056
3.7,3.06,49.05280548
3.7,3.08,49.07910487
3.7,3.1,49.11044478
3.7,3.12,49.14665367
3.7,3.14,49.18753336
3.7,3.16,49.23286008
3.7,3.18,49.28238575
3.7,3.2,49.33583928
3.7,3.22,49.39292809
3.7,3.24,49.45333971
3.7,3.26,49.51674348
3.7,3.28,49.58279235
3.7,3.3,49.65112481
3.7,3.32,49.72136684
3.7,3.34,49.79313397
3.7,3.36,49.86603337
3.7,3.38,49.93966605
3.7,3.4,50.01362896
3.7,3.42,50.08751728
3.7,3.44,50.16092657
3.7,3.46,50.23345503
3.7,3.48,50.30470567
3.7,3.5,50.3742885
3.7,3.52,50.44182267
3.7,3.54,50.50693851
3.7,3.56,50.56927963
3.7,3.58,50.6285048
3.7,3.6,50.68428985
3.7,3.62,50.73632943
3.7,3.64,50.78433871
3.7,3.66,50.82805492
3.7,3.68,50.86723876
3.7,3.7,50.90167577
3.7,3.72,50.93117746
3.7,3.74,50.95558234
3.7,3.76,50.97475685
3.7,3.78,50.98859602
3.7,3.8,50.99702411
3.7,3.82,50.99999499
3.7,3.84,50.99749239
3.7,3.86,50.98953001
3.7,3.88,50.97615145
3.7,3.9,50.95742991
3.7,3.92,50.93346788
3.7,3.94,50.90439652
3.7,3.96,50.87037493
3.7,3.98,50.83158935
3.7,4,50.78825207
3.72,3,49.01348748
3.72,3.02,49.02838356
3.72,3.04,49.04865541
3.72,3.06,49.07419087
3.72,3.08,49.10484865
3.72,3.1,49.14045913
3.72,3.12,49.18082529
3.72,3.14,49.22572377
3.72,3.16,49.27490619
3.72,3.18,49.3281004
3.72,3.2,49.38501211
3.72,3.22,49.44532642
3.72,3.24,49.50870964
3.72,3.26,49.57481107
3.72,3.28,49.64326499
3.72,3.3,49.71369266
3.72,3.32,49.78570441
3.72,3.34,49.85890181
3.72,3.36,49.93287989
3.72,3.38,50.00722932
3.72,3.4,50.08153876
3.72,3.42,50.15539706
3.72,3.44,50.22839558
3.72,3.46,50.30013043
3.72,3.48,50.37020472
3.72,3.5,50.43823073
3.72,3.52,50.5038321
3.72,3.54,50.56664586
3.72,3.56,50.62632448
3.72,3.58,50.68253777
3.72,3.6,50.73497471
3.72,3.62,50.78334518
3.72,3.64,50.82738154
3.72,3.66,50.86684017
3.72,3.68,50.90150273
3.72,3.7,50.93117746
3.72,3.72,50.95570016
3.72,3.74,50.97493515
3.72,3.76,50.98877602
3.72,3.78,50.99714618
3.72,3.8,50.99999932
3.72,3.82,50.99731966
3.72,3.84,50.98912202
3.72,3.86,50.97545176
3.72,3.88,50.95638451
3.72,3.9,50.93202578
3.72,3.92,50.90251032
3.72,3.94,50.86800145
3.72,3.96,50.82869009
3.72,3.98,50.78479375
3.72,4,50.7365553
3.74,3,49.02507793
3.74,3.02,49.04443498
3.74,3.04,49.06913597
3.74,3.06,49.09904274
3.74,3.08,49.13398806
3.74,3.1,49.1737765
3.74,3.12,49.21818553
3.74,3.14,49.26696681
3.74,3.16,49.31984752
3.74,3.18,49.37653194
3.74,3.2,49.43670307
3.74,3.22,49.50002439
3.74,3.24,49.56614179
3.74,3.26,49.63468552
3.74,3.28,49.70527224
3.74,3.3,49.7775072
3.74,3.32,49.85098645
3.74,3.34,49.92529904
3.74,3.36,50.00002939
3.74,3.38,50.07475957
3.74,3.4,50.14907167
3.74,3.42,50.22255009
3.74,3.44,50.29478392
3.74,3.46,50.36536919
3.74,3.48,50.43391116
3.74,3.5,50.50002651
3.74,3.52,50.56334549
3.74,3.54,50.62351401
3.74,3.56,50.68019556
3.74,3.58,50.73307317
3.74,3.6,50.78185111
3.74,3.62,50.82625661
3.74,3.64,50.86604132
3.74,3.66,50.90098276
3.74,3.68,50.93088551
3.74,3.7,50.95558234
3.74,3.72,50.97493515
3.74,3.74,50.9888357
3.74,3.76,50.99720625
3.74,3.78,51
3.74,3.8,50.99720131
3.74,3.82,50.98882585
3.74,3.84,50.97492044
3.74,3.86,50.95556285
3.74,3.88,50.93086135
3.74,3.9,50.90095407
3.74,3.92,50.86600826
3.74,3.94,50.82621936
3.74,3.96,50.78180989
3.74,3.98,50.7330282
3.74,4,50.68014709
3.76,3,49.04017704
3.76,3.02,49.06397139
3.76,3.04,49.09305652
3.76,3.06,49.12726804
3.76,3.08,49.16641257
3.76,3.1,49.21026885
3.76,3.12,49.25858899
3.76,3.14,49.31109985
3.76,3.16,49.36750465
3.76,3.18,49.42748454
3.76,3.2,49.4907005
3.76,3.22,49.55679522
3.76,3.24,49.6253951
3.76,3.26,49.69611238
3.76,3.28,49.76854735
3.76,3.3,49.84229058
3.76,3.32,49.91692524
3.76,3.34,49.99202947
3.76,3.36,50.06717875
3.76,3.38,50.14194832
3.76,3.4,50.21591554
3.76,3.42,50.28866232
3.76,3.44,50.35977747
3.76,3.46,50.42885903
3.76,3.48,50.49551652
3.76,3.5,50.55937316
3.76,3.52,50.62006801
3.76,3.54,50.677258
3.76,3.56,50.73061988
3.76,3.58,50.77985202
3.76,3.6,50.82467615
3.76,3.62,50.86483889
3.76,3.64,50.90011324
3.76,3.66,50.93029982
3.76,3.68,50.95522799
3.76,3.7,50.97475685
3.76,3.72,50.98877602
3.76,3.74,50.99720625
3.76,3.76,50.99999991
3.76,3.78,50.99714118
3.76,3.8,50.98864624
3.76,3.82,50.9745631
3.76,3.84,50.95497137
3.76,3.86,50.92998178
3.76,3.88,50.89973558
3.76,3.9,50.86440374
3.76,3.92,50.82418596
3.76,3.94,50.77930957
3.76,3.96,50.73002824
3.76,3.98,50.67662051
3.76,4,50.61938827
3.78,3,49.05873048
3.78,3.02,49.08692154
3.78,3.04,49.1203287
3.78,3.06,49.15876109
3.78,3.08,49.20199918
3.78,3.1,49.24979596
3.78,3.12,49.30187838
3.78,3.14,49.35794892
3.78,3.16,49.41768727
3.78,3.18,49.48075215
3.78,3.2,49.54678332
3.78,3.22,49.61540354
3.78,3.24,49.68622083
3.78,3.26,49.75883062
3.78,3.28,49.83281813
3.78,3.3,49.90776069
3.78,3.32,49.98323017
3.78,3.34,50.05879546
3.78,3.36,50.13402487
3.78,3.38,50.20848864
3.78,3.4,50.28176139
3.78,3.42,50.35342454
3.78,3.44,50.42306871
3.78,3.46,50.49029604
3.78,3.48,50.55472248
3.78,3.5,50.61597999
3.78,3.52,50.67371864
3.78,3.54,50.72760857
3.78,3.56,50.77734194
3.78,3.58,50.82263463
3.78,3.6,50.86322791
3.78,3.62,50.89888988
3.78,3.64,50.92941682
3.78,3.66,50.95463433
3.78,3.68,50.97439837
3.78,3.7,50.98859602
3.78,3.72,50.99714618
3.78,3.74,51
3.78,3.76,50.99714118
3.78,3.78,50.98858606
3.78,3.8,50.9743835
3.78,3.82,50.95461464
3.78,3.84,50.92939242
3.78,3.86,50.89886091
3.78,3.88,50.86319453
3.78,3.9,50.82259704
3.78,3.92,50.77730034
3.78,3.94,50.72756321
3.78,3.96,50.67366978
3.78,3.98,50.61592791
3.78,4,50.55466747
3.8,3,49.08067147
3.8,3.02,49.11320174
3.8,3.04,49.15085169
3.8,3.06,49.19340396
3.8,3.08,49.24061289
3.8,3.1,49.29220593
3.8,3.12,49.34788521
3.8,3.14,49.4073293
3.8,3.16,49.47019501
3.8,3.18,49.5361194
3.8,3.2,49.60472188
3.8,3.22,49.67560638
3.8,3.24,49.74836367
3.8,3.26,49.82257372
3.8,3.28,49.89780809
3.8,3.3,49.97363244
3.8,3.32,50.04960901
3.8,3.34,50.12529918
3.8,3.36,50.20026597
3.8,3.38,50.27407658
3.8,3.4,50.34630489
3.8,3.42,50.4165339
3.8,3.44,50.48435817
3.8,3.46,50.54938613
3.8,3.48,50.61124236
3.8,3.5,50.66956976
3.8,3.52,50.72403159
3.8,3.54,50.77431342
3.8,3.56,50.82012497
3.8,3.58,50.86120175
3.8,3.6,50.89730663
3.8,3.62,50.92823116
3.8,3.64,50.95379681
3.8,3.66,50.97385598
3.8,3.68,50.98829286
3.8,3.7,50.99702411
3.8,3.72,50.99999932
3.8,3.74,50.99720131
3.8,3.76,50.98864624
3.8,3.78,50.9743835
3.8,3.8,50.95449543
3.8,3.82,50.92909685
3.8,3.84,50.89833438
3.8,3.86,50.86238563
3.8,3.88,50.82145814
3.8,3.9,50.77578819
3.8,3.92,50.72563945
3.8,3.94,50.67130143
3.8,3.96,50.61308783
3.8,3.98,50.55133475
3.8,4,50.48639869
3.82,3,49.10592106
3.82,3.02,49.14271614
3.82,3.04,49.18451272
3.82,3.06,49.23106695
3.82,3.08,49.28210723
3.82,3.1,49.33733578
3.82,3.12,49.3964304
3.82,3.14,49.45904632
3.82,3.16,49.52481822
3.82,3.18,49.59336239
3.82,3.2,49.66427894
3.82,3.22,49.73715412
3.82,3.24,49.81156278
3.82,3.26,49.8870708
3.82,3.28,49.96323767
3.82,3.3,50.03961901
3.82,3.32,50.11576921
3.82,3.34,50.191244
3.82,3.36,50.26560305
3.82,3.38,50.33841254
3.82,3.4,50.40924769
3.82,3.42,50.47769523
3.82,3.44,50.54335585
3.82,3.46,50.60584646
3.82,3.48,50.66480249
3.82,3.5,50.71987998
3.82,3.52,50.7707576
3.82,3.54,50.81713853
3.82,3.56,50.85875218
3.82,3.58,50.89535576
3.82,3.6,50.92673572
3.82,3.62,50.952709
3.82,3.64,50.97312406
3.82,3.66,50.98786179
3.82,3.68,50.99683622
3.82,3.7,50.99999499
3.82,3.72,50.99731966
3.82,3.74,50.98882585
3.82,3.76,50.9745631
3.82,3.78,50.95461464
3.82,3.8,50.92909685
3.82,3.82,50.89815858
3.82,3.84,50.86198035
3.82,3.86,50.82077323
3.82,3.88,50.77477761
3.82,3.9,50.72426185
3.82,3.92,50.66952065
3.82,3.94,50.61087339
3.82,3.96,50.54866222
3.82,3.98,50.48325009
3.82,4,50.41501862
3.84,3,49.13438836
3.84,3.02,49.17535709
3.84,3.04,49.22118738
3.84,3.06,49.27160903
3.84,3.08,49.3263248
3.84,3.1,49.38501211
3.84,3.12,49.44732498
3.84,3.14,49.51289606
3.84,3.16,49.58133879
3.84,3.18,49.65224966
3.84,3.2,49.72521065
3.84,3.22,49.79979161
3.84,3.24,49.87555287
3.84,3.26,49.95204778
3.84,3.28,50.02882539
3.84,3.3,50.10543307
3.84,3.32,50.18141918
3.84,3.34,50.25633576
3.84,3.36,50.32974116
3.84,3.38,50.40120262
3.84,3.4,50.47029885
3.84,3.42,50.53662251
3.84,3.44,50.5997826
3.84,3.46,50.65940676
3.84,3.48,50.7151435
3.84,3.5,50.76666422
3.84,3.52,50.8136652
3.84,3.54,50.85586934
3.84,3.56,50.89302783
3.84,3.58,50.92492163
3.84,3.6,50.95136269
3.84,3.62,50.97219515
3.84,3.64,50.98729618
3.84,3.66,50.99657677
3.84,3.68,50.9999822
3.84,3.7,50.99749239
3.84,3.72,50.98912202
3.84,3.74,50.97492044
3.84,3.76,50.95497137
3.84,3.78,50.92939242
3.84,3.8,50.89833438
3.84,3.82,50.86198035
3.84,3.84,50.82054466
3.84,3.86,50.77427158
3.84,3.88,50.7234339
3.84,3.9,50.66833133
3.84,3.92,50.60928871
3.84,3.94,50.54665414
3.84,3.96,50.48079685
3.84,3.98,50.4121051
3.84,4,50.34098385
3.86,3,49.16597093
3.86,3.02,49.21100556
3.86,3.04,49.26074014
3.86,3.06,49.3148784
3.86,3.08,49.37309785
3.86,3.1,49.43505168
3.86,3.12,49.50037084
3.86,3.14,49.56866624
3.86,3.16,49.63953103
3.86,3.18,49.7125431
3.86,3.2,49.78726751
3.86,3.22,49.86325914
3.86,3.24,49.94006533
3.86,3.26,50.01722853
3.86,3.28,50.09428911
3.86,3.3,50.17078802
3.86,3.32,50.24626957
3.86,3.34,50.32028411
3.86,3.36,50.39239077
3.86,3.38,50.46216
3.86,3.4,50.52917619
3.86,3.42,50.59304015
3.86,3.44,50.65337144
3.86,3.46,50.70981067
3.86,3.48,50.76202164
3.86,3.5,50.80969335
3.86,3.52,50.8525418
3.86,3.54,50.89031177
3.86,3.56,50.92277825
3.86,3.58,50.94974786
3.86,3.6,50.97105993
3.86,3.62,50.98658751
3.86,3.64,50.99623811
3.86,3.66,50.99995424
3.86,3.68,50.99771376
3.86,3.7,50.98953001
3.86,3.72,50.97545176
3.86,3.74,50.95556285
3.86,3.76,50.92998178
3.86,3.78,50.89886091
3.86,3.8,50.86238563
3.86,3.82,50.82077323
3.86,3.84,50.77427158
3.86,3.86,50.72315768
3.86,3.88,50.66773602
3.86,3.9,50.60833674
3.86,3.92,50.54531367
3.86,3.94,50.47904222
3.86,3.96,50.40991719
3.86,3.98,50.33835032
3.86,4,50.26476794
3.88,3,49.2005551
3.88,3.02,49.24953154
3.88,3.04,49.30302484
3.88,3.06,49.36071306
3.88,3.08,49.42224898
3.88,3.1,49.48726223
3.88,3.12,49.55536151
3.88,3.14,49.62613696
3.88,3.16,49.69916259
3.88,3.18,49.77399889
3.88,3.2,49.85019543
3.88,3.22,49.9272936
3.88,3.24,50.00482937
3.88,3.26,50.08233607
3.88,3.28,50.15934722
3.88,3.3,50.23539929
3.88,3.32,50.31003456
3.88,3.34,50.38280381
3.88,3.36,50.45326907
3.88,3.38,50.52100622
3.88,3.4,50.58560757
3.88,3.42,50.64668429
3.88,3.44,50.7038688
3.88,3.46,50.7568169
3.88,3.48,50.80520992
3.88,3.5,50.84875659
3.88,3.52,50.88719482
3.88,3.54,50.92029325
3.88,3.56,50.94785268
3.88,3.58,50.96970723
3.88,3.6,50.98572536
3.88,3.62,50.99581068
3.88,3.64,50.99990246
3.88,3.66,50.9979761
3.88,3.68,50.99004318
3.88,3.7,50.97615145
3.88,3.72,50.95638451
3.88,3.74,50.93086135
3.88,3.76,50.89973558
3.88,3.78,50.86319453
3.88,3.8,50.82145814
3.88,3.82,50.77477761
3.88,3.84,50.7234339
3.88,3.86,50.66773602
3.88,3.88,50.60801922
3.88,3.9,50.54464291
3.88,3.92,50.47798853
3.88,3.94,50.40845727
3.88,3.96,50.3364676
3.88,3.98,50.26245283
3.88,4,50.18685843
3.9,3,49.23801642
3.9,3.02,49.29079451
3.9,3.04,49.34788521
3.9,3.06,49.40894138
3.9,3.08,49.47359172
3.9,3.1,49.54144311
3.9,3.12,49.61208294
3.9,3.14,49.68508166
3.9,3.16,49.75999538
3.9,3.18,49.83636854
3.9,3.2,49.91373673
3.9,3.22,49.99162948
3.9,3.24,50.06957314
3.9,3.26,50.14709372
3.9,3.28,50.22371984
3.9,3.3,50.29898554
3.9,3.32,50.37243313
3.9,3.34,50.44361599
3.9,3.36,50.51210125
3.9,3.38,50.57747247
3.9,3.4,50.63933213
3.9,3.42,50.69730407
3.9,3.44,50.75103575
3.9,3.46,50.80020046
3.9,3.48,50.84449921
3.9,3.5,50.88366263
3.9,3.52,50.91745257
3.9,3.54,50.94566356
3.9,3.56,50.96812405
3.9,3.58,50.98469746
3.9,3.6,50.99528301
3.9,3.62,50.99981632
3.9,3.64,50.99826983
3.9,3.66,50.99065295
3.9,3.68,50.977012
3.9,3.7,50.95742991
3.9,3.72,50.93202578
3.9,3.74,50.90095407
3.9,3.76,50.86440374
3.9,3.78,50.82259704
3.9,3.8,50.77578819
3.9,3.82,50.72426185
3.9,3.84,50.66833133
3.9,3.86,50.60833674
3.9,3.88,50.54464291
3.9,3.9,50.47763714
3.9,3.92,50.40772691
3.9,3.94,50.33533733
3.9,3.96,50.26090859
3.9,3.98,50.18489328
3.9,4,50.10775365
3.92,3,49.27822005
3.92,3.02,49.33464398
3.92,3.04,49.39515548
3.92,3.06,49.45938278
3.92,3.08,49.52693132
3.92,3.1,49.59738611
3.92,3.12,49.67031433
3.92,3.14,49.74526794
3.92,3.16,49.82178647
3.92,3.18,49.89939985
3.92,3.2,49.97763125
3.92,3.22,50.05600007
3.92,3.24,50.13402487
3.92,3.26,50.21122629
3.92,3.28,50.28713006
3.92,3.3,50.36126987
3.92,3.32,50.43319026
3.92,3.34,50.50244937
3.92,3.36,50.56862174
3.92,3.38,50.63130082
3.92,3.4,50.69010157
3.92,3.42,50.74466273
3.92,3.44,50.79464913
3.92,3.46,50.83975367
3.92,3.48,50.87969925
3.92,3.5,50.91424048
3.92,3.52,50.94316516
3.92,3.54,50.96629558
3.92,3.56,50.98348965
3.92,3.58,50.99464174
3.92,3.6,50.99968333
3.92,3.62,50.99858346
3.92,3.64,50.99134887
3.92,3.66,50.97802402
3.92,3.68,50.95869077
3.92,3.7,50.93346788
3.92,3.72,50.90251032
3.92,3.74,50.86600826
3.92,3.76,50.82418596
3.92,3.78,50.77730034
3.92,3.8,50.72563945
3.92,3.82,50.66952065
3.92,3.84,50.60928871
3.92,3.86,50.54531367
3.92,3.88,50.47798853
3.92,3.9,50.40772691
3.92,3.92,50.33496046
3.92,3.94,50.26013621
3.92,3.96,50.18371384
3.92,3.98,50.10616283
3.92,4,50.02795962
3.94,3,49.3210213
3.94,3.02,49.38092005
3.94,3.04,49.44466094
3.94,3.06,49.5118484
3.94,3.08,49.58206544
3.94,3.1,49.65487627
3.94,3.12,49.72982902
3.94,3.14,49.80645851
3.94,3.16,49.88428916
3.94,3.18,49.96283794
3.94,3.2,50.04161736
3.94,3.22,50.12013849
3.94,3.24,50.19791402
3.94,3.26,50.27446124
3.94,3.28,50.3493051
3.94,3.3,50.42198109
3.94,3.32,50.49203817
3.94,3.34,50.55904155
3.94,3.36,50.62257538
3.94,3.38,50.68224538
3.94,3.4,50.7376812
3.94,3.42,50.78853881
3.94,3.44,50.83450256
3.94,3.46,50.87528721
3.94,3.48,50.91063962
3.94,3.5,50.94034039
3.94,3.52,50.9642052
3.94,3.54,50.98208593
3.94,3.56,50.99387161
3.94,3.58,50.9994891
3.94,3.6,50.99890353
3.94,3.62,50.99211854
3.94,3.64,50.97917624
3.94,3.66,50.96015694
3.94,3.68,50.9351787
3.94,3.7,50.90439652
3.94,3.72,50.86800145
3.94,3.74,50.82621936
3.94,3.76,50.77930957
3.94,3.78,50.72756321
3.94,3.8,50.67130143
3.94,3.82,50.61087339
3.94,3.84,50.54665414
3.94,3.86,50.47904222
3.94,3.88,50.40845727
3.94,3.9,50.33533733
3.94,3.92,50.26013621
3.94,3.94,50.18332063
3.94,3.96,50.10536732
3.94,3.98,50.02676007
3.94,4,49.94798675
3.96,3,49.36626615
3.96,3.02,49.42945393
3.96,3.04,49.49621867
3.96,3.06,49.56614179
3.96,3.08,49.63878493
3.96,3.1,49.71369266
3.96,3.12,49.79039535
3.96,3.14,49.86841212
3.96,3.16,49.94725387
3.96,3.18,50.02642631
3.96,3.2,50.10543307
3.96,3.22,50.18377883
3.96,3.24,50.26097241
3.96,3.26,50.33652987
3.96,3.28,50.40997749
3.96,3.3,50.48085482
3.96,3.32,50.5487175
3.96,3.34,50.61314007
3.96,3.36,50.67371864
3.96,3.38,50.73007342
3.96,3.4,50.78185111
3.96,3.42,50.8287271
3.96,3.44,50.87040749
3.96,3.46,50.90663098
3.96,3.48,50.93717048
3.96,3.5,50.96183451
3.96,3.52,50.98046846
3.96,3.54,50.99295549
3.96,3.56,50.99921733
3.96,3.58,50.99921471
3.96,3.6,50.99294766
3.96,3.62,50.98045545
3.96,3.64,50.96181642
3.96,3.66,50.93714741
3.96,3.68,50.90660308
3.96,3.7,50.87037493
3.96,3.72,50.82869009
3.96,3.74,50.78180989
3.96,3.76,50.73002824
3.96,3.78,50.67366978
3.96,3.8,50.61308783
3.96,3.82,50.54866222
3.96,3.84,50.48079685
3.96,3.86,50.40991719
3.96,3.88,50.3364676
3.96,3.9,50.26090859
3.96,3.92,50.18371384
3.96,3.94,50.10536732
3.96,3.96,50.02636021
3.96,3.98,49.94718785
3.96,4,49.86834658
3.98,3,49.41379176
3.98,3.02,49.48006862
3.98,3.04,49.54963811
3.98,3.06,49.62205967
3.98,3.08,49.69687464
3.98,3.1,49.77360926
3.98,3.12,49.85177756
3.98,3.14,49.93088453
3.98,3.16,50.0104292
3.98,3.18,50.08990782
3.98,3.2,50.16881707
3.98,3.22,50.24665723
3.98,3.24,50.32293536
3.98,3.26,50.39716839
3.98,3.28,50.46888624
3.98,3.3,50.53763471
3.98,3.32,50.60297844
3.98,3.34,50.66450363
3.98,3.36,50.72182063
3.98,3.38,50.77456648
3.98,3.4,50.82240714
3.98,3.42,50.86503964
3.98,3.44,50.90219402
3.98,3.46,50.93363496
3.98,3.48,50.95916337
3.98,3.5,50.97861757
3.98,3.52,50.99187437
3.98,3.54,50.99884981
3.98,3.56,50.99949972
3.98,3.58,50.99381998
3.98,3.6,50.98184656
3.98,3.62,50.9636553
3.98,3.64,50.93936138
3.98,3.66,50.90911866
3.98,3.68,50.87311865
3.98,3.7,50.83158935
3.98,3.72,50.78479375
3.98,3.74,50.7330282
3.98,3.76,50.67662051
3.98,3.78,50.61592791
3.98,3.8,50.55133475
3.98,3.82,50.48325009
3.98,3.84,50.4121051
3.98,3.86,50.33835032
3.98,3.88,50.26245283
3.98,3.9,50.18489328
3.98,3.92,50.10616283
3.98,3.94,50.02676007
3.98,3.96,49.94718785
3.98,3.98,49.86795007
3.98,4,49.78954855
4,3,49.46342708
4,3.02,49.53257953
4,3.04,49.60472188
4,3.06,49.67939265
4,3.08,49.75611422
4,3.1,49.83439582
4,3.12,49.91373673
4,3.14,49.99362943
4,3.16,50.07356288
4,3.18,50.15302577
4,3.2,50.23150983
4,3.22,50.30851301
4,3.24,50.38354276
4,3.26,50.45611914
4,3.28,50.52577792
4,3.3,50.59207351
4,3.32,50.65458186
4,3.34,50.71290311
4,3.36,50.76666422
4,3.38,50.8155213
4,3.4,50.85916181
4,3.42,50.89730663
4,3.44,50.92971175
4,3.46,50.95616988
4,3.48,50.97651179
4,3.5,50.99060736
4,3.52,50.99836642
4,3.54,50.99973934
4,3.56,50.99471734
4,3.58,50.98333254
4,3.6,50.96565778
4,3.62,50.94180609
4,3.64,50.91193007
4,3.66,50.8762208
4,3.68,50.83490671
4,3.7,50.78825207
4,3.72,50.7365553
4,3.74,50.68014709
4,3.76,50.61938827
4,3.78,50.55466747
4,3.8,50.48639869
4,3.82,50.41501862
4,3.84,50.34098385
4,3.86,50.26476794
4,3.88,50.18685843
4,3.9,50.10775365
4,3.92,50.02795962
4,3.94,49.94798675
4,3.96,49.86834658
4,3.98,49.78954855
4,4,49.71209668
